file_path,label
/Users/linafadhli/DataVehicle/trucks/trucks_120.jpg,trucks
/Users/linafadhli/DataVehicle/trucks/trucks_134.jpg,trucks
/Users/linafadhli/DataVehicle/trucks/trucks_108.jpg,trucks
/Users/linafadhli/DataVehicle/trucks/trucks_322.jpg,trucks
/Users/linafadhli/DataVehicle/trucks/trucks_336.jpg,trucks
/Users/linafadhli/DataVehicle/trucks/trucks_295.jpg,trucks
/Users/linafadhli/DataVehicle/trucks/trucks_281.jpg,trucks
/Users/linafadhli/DataVehicle/trucks/trucks_256.jpg,trucks
/Users/linafadhli/DataVehicle/trucks/trucks_242.jpg,trucks
/Users/linafadhli/DataVehicle/trucks/trucks_58.jpg,trucks
/Users/linafadhli/DataVehicle/trucks/trucks_64.jpg,trucks
/Users/linafadhli/DataVehicle/trucks/trucks_70.jpg,trucks
/Users/linafadhli/DataVehicle/trucks/trucks_71.jpg,trucks
/Users/linafadhli/DataVehicle/trucks/trucks_65.jpg,trucks
/Users/linafadhli/DataVehicle/trucks/trucks_59.jpg,trucks
/Users/linafadhli/DataVehicle/trucks/trucks_243.jpg,trucks
/Users/linafadhli/DataVehicle/trucks/trucks_257.jpg,trucks
/Users/linafadhli/DataVehicle/trucks/trucks_280.jpg,trucks
/Users/linafadhli/DataVehicle/trucks/trucks_294.jpg,trucks
/Users/linafadhli/DataVehicle/trucks/trucks_337.jpg,trucks
/Users/linafadhli/DataVehicle/trucks/trucks_323.jpg,trucks
/Users/linafadhli/DataVehicle/trucks/trucks_109.jpg,trucks
/Users/linafadhli/DataVehicle/trucks/trucks_135.jpg,trucks
/Users/linafadhli/DataVehicle/trucks/trucks_121.jpg,trucks
/Users/linafadhli/DataVehicle/trucks/trucks_137.jpg,trucks
/Users/linafadhli/DataVehicle/trucks/trucks_123.jpg,trucks
/Users/linafadhli/DataVehicle/trucks/trucks_335.jpg,trucks
/Users/linafadhli/DataVehicle/trucks/trucks_321.jpg,trucks
/Users/linafadhli/DataVehicle/trucks/trucks_309.jpg,trucks
/Users/linafadhli/DataVehicle/trucks/trucks_282.jpg,trucks
/Users/linafadhli/DataVehicle/trucks/trucks_296.jpg,trucks
/Users/linafadhli/DataVehicle/trucks/trucks_241.jpg,trucks
/Users/linafadhli/DataVehicle/trucks/trucks_255.jpg,trucks
/Users/linafadhli/DataVehicle/trucks/trucks_269.jpg,trucks
/Users/linafadhli/DataVehicle/trucks/trucks_98.jpg,trucks
/Users/linafadhli/DataVehicle/trucks/trucks_73.jpg,trucks
/Users/linafadhli/DataVehicle/trucks/trucks_66.jpg,trucks
/Users/linafadhli/DataVehicle/trucks/trucks_72.jpg,trucks
/Users/linafadhli/DataVehicle/trucks/trucks_99.jpg,trucks
/Users/linafadhli/DataVehicle/trucks/trucks_268.jpg,trucks
/Users/linafadhli/DataVehicle/trucks/trucks_254.jpg,trucks
/Users/linafadhli/DataVehicle/trucks/trucks_240.jpg,trucks
/Users/linafadhli/DataVehicle/trucks/trucks_297.jpg,trucks
/Users/linafadhli/DataVehicle/trucks/trucks_283.jpg,trucks
/Users/linafadhli/DataVehicle/trucks/trucks_308.jpg,trucks
/Users/linafadhli/DataVehicle/trucks/trucks_320.jpg,trucks
/Users/linafadhli/DataVehicle/trucks/trucks_334.jpg,trucks
/Users/linafadhli/DataVehicle/trucks/trucks_122.jpg,trucks
/Users/linafadhli/DataVehicle/trucks/trucks_136.jpg,trucks
/Users/linafadhli/DataVehicle/trucks/trucks_132.jpg,trucks
/Users/linafadhli/DataVehicle/trucks/trucks_126.jpg,trucks
/Users/linafadhli/DataVehicle/trucks/trucks_318.jpg,trucks
/Users/linafadhli/DataVehicle/trucks/trucks_330.jpg,trucks
/Users/linafadhli/DataVehicle/trucks/trucks_324.jpg,trucks
/Users/linafadhli/DataVehicle/trucks/trucks_287.jpg,trucks
/Users/linafadhli/DataVehicle/trucks/trucks_293.jpg,trucks
/Users/linafadhli/DataVehicle/trucks/trucks_278.jpg,trucks
/Users/linafadhli/DataVehicle/trucks/trucks_244.jpg,trucks
/Users/linafadhli/DataVehicle/trucks/trucks_250.jpg,trucks
/Users/linafadhli/DataVehicle/trucks/trucks_89.jpg,trucks
/Users/linafadhli/DataVehicle/trucks/trucks_76.jpg,trucks
/Users/linafadhli/DataVehicle/trucks/trucks_62.jpg,trucks
/Users/linafadhli/DataVehicle/trucks/trucks_63.jpg,trucks
/Users/linafadhli/DataVehicle/trucks/trucks_77.jpg,trucks
/Users/linafadhli/DataVehicle/trucks/trucks_88.jpg,trucks
/Users/linafadhli/DataVehicle/trucks/trucks_251.jpg,trucks
/Users/linafadhli/DataVehicle/trucks/trucks_245.jpg,trucks
/Users/linafadhli/DataVehicle/trucks/trucks_279.jpg,trucks
/Users/linafadhli/DataVehicle/trucks/trucks_292.jpg,trucks
/Users/linafadhli/DataVehicle/trucks/trucks_286.jpg,trucks
/Users/linafadhli/DataVehicle/trucks/trucks_325.jpg,trucks
/Users/linafadhli/DataVehicle/trucks/trucks_331.jpg,trucks
/Users/linafadhli/DataVehicle/trucks/trucks_319.jpg,trucks
/Users/linafadhli/DataVehicle/trucks/trucks_127.jpg,trucks
/Users/linafadhli/DataVehicle/trucks/trucks_133.jpg,trucks
/Users/linafadhli/DataVehicle/trucks/trucks_119.jpg,trucks
/Users/linafadhli/DataVehicle/trucks/trucks_125.jpg,trucks
/Users/linafadhli/DataVehicle/trucks/trucks_131.jpg,trucks
/Users/linafadhli/DataVehicle/trucks/trucks_327.jpg,trucks
/Users/linafadhli/DataVehicle/trucks/trucks_333.jpg,trucks
/Users/linafadhli/DataVehicle/trucks/trucks_290.jpg,trucks
/Users/linafadhli/DataVehicle/trucks/trucks_284.jpg,trucks
/Users/linafadhli/DataVehicle/trucks/trucks_253.jpg,trucks
/Users/linafadhli/DataVehicle/trucks/trucks_247.jpg,trucks
/Users/linafadhli/DataVehicle/trucks/trucks_61.jpg,trucks
/Users/linafadhli/DataVehicle/trucks/trucks_75.jpg,trucks
/Users/linafadhli/DataVehicle/trucks/trucks_49.jpg,trucks
/Users/linafadhli/DataVehicle/trucks/trucks_48.jpg,trucks
/Users/linafadhli/DataVehicle/trucks/trucks_74.jpg,trucks
/Users/linafadhli/DataVehicle/trucks/trucks_60.jpg,trucks
/Users/linafadhli/DataVehicle/trucks/trucks_246.jpg,trucks
/Users/linafadhli/DataVehicle/trucks/trucks_252.jpg,trucks
/Users/linafadhli/DataVehicle/trucks/trucks_285.jpg,trucks
/Users/linafadhli/DataVehicle/trucks/trucks_291.jpg,trucks
/Users/linafadhli/DataVehicle/trucks/trucks_332.jpg,trucks
/Users/linafadhli/DataVehicle/trucks/trucks_326.jpg,trucks
/Users/linafadhli/DataVehicle/trucks/trucks_130.jpg,trucks
/Users/linafadhli/DataVehicle/trucks/trucks_124.jpg,trucks
/Users/linafadhli/DataVehicle/trucks/trucks_118.jpg,trucks
/Users/linafadhli/DataVehicle/trucks/trucks_180.jpg,trucks
/Users/linafadhli/DataVehicle/trucks/trucks_194.jpg,trucks
/Users/linafadhli/DataVehicle/trucks/trucks_143.jpg,trucks
/Users/linafadhli/DataVehicle/trucks/trucks_157.jpg,trucks
/Users/linafadhli/DataVehicle/trucks/trucks_382.jpg,trucks
/Users/linafadhli/DataVehicle/trucks/trucks_396.jpg,trucks
/Users/linafadhli/DataVehicle/trucks/trucks_427.jpg,trucks
/Users/linafadhli/DataVehicle/trucks/trucks_341.jpg,trucks
/Users/linafadhli/DataVehicle/trucks/trucks_355.jpg,trucks
/Users/linafadhli/DataVehicle/trucks/trucks_433.jpg,trucks
/Users/linafadhli/DataVehicle/trucks/trucks_369.jpg,trucks
/Users/linafadhli/DataVehicle/trucks/trucks_235.jpg,trucks
/Users/linafadhli/DataVehicle/trucks/trucks_221.jpg,trucks
/Users/linafadhli/DataVehicle/trucks/trucks_5.jpg,trucks
/Users/linafadhli/DataVehicle/trucks/trucks_209.jpg,trucks
/Users/linafadhli/DataVehicle/trucks/trucks_13.jpg,trucks
/Users/linafadhli/DataVehicle/trucks/trucks_12.jpg,trucks
/Users/linafadhli/DataVehicle/trucks/trucks_208.jpg,trucks
/Users/linafadhli/DataVehicle/trucks/trucks_220.jpg,trucks
/Users/linafadhli/DataVehicle/trucks/trucks_4.jpg,trucks
/Users/linafadhli/DataVehicle/trucks/trucks_234.jpg,trucks
/Users/linafadhli/DataVehicle/trucks/trucks_368.jpg,trucks
/Users/linafadhli/DataVehicle/trucks/trucks_354.jpg,trucks
/Users/linafadhli/DataVehicle/trucks/trucks_432.jpg,trucks
/Users/linafadhli/DataVehicle/trucks/trucks_426.jpg,trucks
/Users/linafadhli/DataVehicle/trucks/trucks_340.jpg,trucks
/Users/linafadhli/DataVehicle/trucks/trucks_397.jpg,trucks
/Users/linafadhli/DataVehicle/trucks/trucks_383.jpg,trucks
/Users/linafadhli/DataVehicle/trucks/trucks_156.jpg,trucks
/Users/linafadhli/DataVehicle/trucks/trucks_142.jpg,trucks
/Users/linafadhli/DataVehicle/trucks/trucks_195.jpg,trucks
/Users/linafadhli/DataVehicle/trucks/trucks_181.jpg,trucks
/Users/linafadhli/DataVehicle/trucks/trucks_197.jpg,trucks
/Users/linafadhli/DataVehicle/trucks/trucks_183.jpg,trucks
/Users/linafadhli/DataVehicle/trucks/trucks_154.jpg,trucks
/Users/linafadhli/DataVehicle/trucks/trucks_140.jpg,trucks
/Users/linafadhli/DataVehicle/trucks/trucks_168.jpg,trucks
/Users/linafadhli/DataVehicle/trucks/trucks_395.jpg,trucks
/Users/linafadhli/DataVehicle/trucks/trucks_381.jpg,trucks
/Users/linafadhli/DataVehicle/trucks/trucks_430.jpg,trucks
/Users/linafadhli/DataVehicle/trucks/trucks_356.jpg,trucks
/Users/linafadhli/DataVehicle/trucks/trucks_342.jpg,trucks
/Users/linafadhli/DataVehicle/trucks/trucks_424.jpg,trucks
/Users/linafadhli/DataVehicle/trucks/trucks_418.jpg,trucks
/Users/linafadhli/DataVehicle/trucks/trucks_6.jpg,trucks
/Users/linafadhli/DataVehicle/trucks/trucks_222.jpg,trucks
/Users/linafadhli/DataVehicle/trucks/trucks_236.jpg,trucks
/Users/linafadhli/DataVehicle/trucks/trucks_38.jpg,trucks
/Users/linafadhli/DataVehicle/trucks/trucks_10.jpg,trucks
/Users/linafadhli/DataVehicle/trucks/trucks_11.jpg,trucks
/Users/linafadhli/DataVehicle/trucks/trucks_39.jpg,trucks
/Users/linafadhli/DataVehicle/trucks/trucks_237.jpg,trucks
/Users/linafadhli/DataVehicle/trucks/trucks_7.jpg,trucks
/Users/linafadhli/DataVehicle/trucks/trucks_223.jpg,trucks
/Users/linafadhli/DataVehicle/trucks/trucks_419.jpg,trucks
/Users/linafadhli/DataVehicle/trucks/trucks_343.jpg,trucks
/Users/linafadhli/DataVehicle/trucks/trucks_425.jpg,trucks
/Users/linafadhli/DataVehicle/trucks/trucks_431.jpg,trucks
/Users/linafadhli/DataVehicle/trucks/trucks_357.jpg,trucks
/Users/linafadhli/DataVehicle/trucks/trucks_380.jpg,trucks
/Users/linafadhli/DataVehicle/trucks/trucks_394.jpg,trucks
/Users/linafadhli/DataVehicle/trucks/trucks_169.jpg,trucks
/Users/linafadhli/DataVehicle/trucks/trucks_141.jpg,trucks
/Users/linafadhli/DataVehicle/trucks/trucks_155.jpg,trucks
/Users/linafadhli/DataVehicle/trucks/trucks_182.jpg,trucks
/Users/linafadhli/DataVehicle/trucks/trucks_196.jpg,trucks
/Users/linafadhli/DataVehicle/trucks/trucks_192.jpg,trucks
/Users/linafadhli/DataVehicle/trucks/trucks_186.jpg,trucks
/Users/linafadhli/DataVehicle/trucks/trucks_179.jpg,trucks
/Users/linafadhli/DataVehicle/trucks/trucks_151.jpg,trucks
/Users/linafadhli/DataVehicle/trucks/trucks_145.jpg,trucks
/Users/linafadhli/DataVehicle/trucks/trucks_390.jpg,trucks
/Users/linafadhli/DataVehicle/trucks/trucks_384.jpg,trucks
/Users/linafadhli/DataVehicle/trucks/trucks_409.jpg,trucks
/Users/linafadhli/DataVehicle/trucks/trucks_353.jpg,trucks
/Users/linafadhli/DataVehicle/trucks/trucks_421.jpg,trucks
/Users/linafadhli/DataVehicle/trucks/trucks_347.jpg,trucks
/Users/linafadhli/DataVehicle/trucks/trucks_227.jpg,trucks
/Users/linafadhli/DataVehicle/trucks/trucks_3.jpg,trucks
/Users/linafadhli/DataVehicle/trucks/trucks_233.jpg,trucks
/Users/linafadhli/DataVehicle/trucks/trucks_15.jpg,trucks
/Users/linafadhli/DataVehicle/trucks/trucks_29.jpg,trucks
/Users/linafadhli/DataVehicle/trucks/trucks_28.jpg,trucks
/Users/linafadhli/DataVehicle/trucks/trucks_14.jpg,trucks
/Users/linafadhli/DataVehicle/trucks/trucks_232.jpg,trucks
/Users/linafadhli/DataVehicle/trucks/trucks_226.jpg,trucks
/Users/linafadhli/DataVehicle/trucks/trucks_2.jpg,trucks
/Users/linafadhli/DataVehicle/trucks/trucks_420.jpg,trucks
/Users/linafadhli/DataVehicle/trucks/trucks_346.jpg,trucks
/Users/linafadhli/DataVehicle/trucks/trucks_352.jpg,trucks
/Users/linafadhli/DataVehicle/trucks/trucks_408.jpg,trucks
/Users/linafadhli/DataVehicle/trucks/trucks_385.jpg,trucks
/Users/linafadhli/DataVehicle/trucks/trucks_391.jpg,trucks
/Users/linafadhli/DataVehicle/trucks/trucks_144.jpg,trucks
/Users/linafadhli/DataVehicle/trucks/trucks_150.jpg,trucks
/Users/linafadhli/DataVehicle/trucks/trucks_178.jpg,trucks
/Users/linafadhli/DataVehicle/trucks/trucks_187.jpg,trucks
/Users/linafadhli/DataVehicle/trucks/trucks_193.jpg,trucks
/Users/linafadhli/DataVehicle/trucks/trucks_185.jpg,trucks
/Users/linafadhli/DataVehicle/trucks/trucks_191.jpg,trucks
/Users/linafadhli/DataVehicle/trucks/trucks_146.jpg,trucks
/Users/linafadhli/DataVehicle/trucks/trucks_152.jpg,trucks
/Users/linafadhli/DataVehicle/trucks/trucks_387.jpg,trucks
/Users/linafadhli/DataVehicle/trucks/trucks_393.jpg,trucks
/Users/linafadhli/DataVehicle/trucks/trucks_378.jpg,trucks
/Users/linafadhli/DataVehicle/trucks/trucks_344.jpg,trucks
/Users/linafadhli/DataVehicle/trucks/trucks_422.jpg,trucks
/Users/linafadhli/DataVehicle/trucks/trucks_350.jpg,trucks
/Users/linafadhli/DataVehicle/trucks/trucks_218.jpg,trucks
/Users/linafadhli/DataVehicle/trucks/trucks_230.jpg,trucks
/Users/linafadhli/DataVehicle/trucks/trucks_0.jpg,trucks
/Users/linafadhli/DataVehicle/trucks/trucks_224.jpg,trucks
/Users/linafadhli/DataVehicle/trucks/trucks_16.jpg,trucks
/Users/linafadhli/DataVehicle/trucks/trucks_17.jpg,trucks
/Users/linafadhli/DataVehicle/trucks/trucks_1.jpg,trucks
/Users/linafadhli/DataVehicle/trucks/trucks_225.jpg,trucks
/Users/linafadhli/DataVehicle/trucks/trucks_231.jpg,trucks
/Users/linafadhli/DataVehicle/trucks/trucks_219.jpg,trucks
/Users/linafadhli/DataVehicle/trucks/trucks_351.jpg,trucks
/Users/linafadhli/DataVehicle/trucks/trucks_345.jpg,trucks
/Users/linafadhli/DataVehicle/trucks/trucks_423.jpg,trucks
/Users/linafadhli/DataVehicle/trucks/trucks_379.jpg,trucks
/Users/linafadhli/DataVehicle/trucks/trucks_392.jpg,trucks
/Users/linafadhli/DataVehicle/trucks/trucks_386.jpg,trucks
/Users/linafadhli/DataVehicle/trucks/trucks_153.jpg,trucks
/Users/linafadhli/DataVehicle/trucks/trucks_147.jpg,trucks
/Users/linafadhli/DataVehicle/trucks/trucks_190.jpg,trucks
/Users/linafadhli/DataVehicle/trucks/trucks_184.jpg,trucks
/Users/linafadhli/DataVehicle/trucks/trucks_189.jpg,trucks
/Users/linafadhli/DataVehicle/trucks/trucks_162.jpg,trucks
/Users/linafadhli/DataVehicle/trucks/trucks_176.jpg,trucks
/Users/linafadhli/DataVehicle/trucks/trucks_406.jpg,trucks
/Users/linafadhli/DataVehicle/trucks/trucks_360.jpg,trucks
/Users/linafadhli/DataVehicle/trucks/trucks_374.jpg,trucks
/Users/linafadhli/DataVehicle/trucks/trucks_412.jpg,trucks
/Users/linafadhli/DataVehicle/trucks/trucks_348.jpg,trucks
/Users/linafadhli/DataVehicle/trucks/trucks_214.jpg,trucks
/Users/linafadhli/DataVehicle/trucks/trucks_200.jpg,trucks
/Users/linafadhli/DataVehicle/trucks/trucks_228.jpg,trucks
/Users/linafadhli/DataVehicle/trucks/trucks_26.jpg,trucks
/Users/linafadhli/DataVehicle/trucks/trucks_32.jpg,trucks
/Users/linafadhli/DataVehicle/trucks/trucks_33.jpg,trucks
/Users/linafadhli/DataVehicle/trucks/trucks_27.jpg,trucks
/Users/linafadhli/DataVehicle/trucks/trucks_229.jpg,trucks
/Users/linafadhli/DataVehicle/trucks/trucks_201.jpg,trucks
/Users/linafadhli/DataVehicle/trucks/trucks_215.jpg,trucks
/Users/linafadhli/DataVehicle/trucks/trucks_349.jpg,trucks
/Users/linafadhli/DataVehicle/trucks/trucks_375.jpg,trucks
/Users/linafadhli/DataVehicle/trucks/trucks_413.jpg,trucks
/Users/linafadhli/DataVehicle/trucks/trucks_407.jpg,trucks
/Users/linafadhli/DataVehicle/trucks/trucks_361.jpg,trucks
/Users/linafadhli/DataVehicle/trucks/trucks_177.jpg,trucks
/Users/linafadhli/DataVehicle/trucks/trucks_163.jpg,trucks
/Users/linafadhli/DataVehicle/trucks/trucks_188.jpg,trucks
/Users/linafadhli/DataVehicle/trucks/trucks_175.jpg,trucks
/Users/linafadhli/DataVehicle/trucks/trucks_161.jpg,trucks
/Users/linafadhli/DataVehicle/trucks/trucks_149.jpg,trucks
/Users/linafadhli/DataVehicle/trucks/trucks_388.jpg,trucks
/Users/linafadhli/DataVehicle/trucks/trucks_411.jpg,trucks
/Users/linafadhli/DataVehicle/trucks/trucks_377.jpg,trucks
/Users/linafadhli/DataVehicle/trucks/trucks_363.jpg,trucks
/Users/linafadhli/DataVehicle/trucks/trucks_405.jpg,trucks
/Users/linafadhli/DataVehicle/trucks/trucks_203.jpg,trucks
/Users/linafadhli/DataVehicle/trucks/trucks_217.jpg,trucks
/Users/linafadhli/DataVehicle/trucks/trucks_19.jpg,trucks
/Users/linafadhli/DataVehicle/trucks/trucks_31.jpg,trucks
/Users/linafadhli/DataVehicle/trucks/trucks_25.jpg,trucks
/Users/linafadhli/DataVehicle/trucks/trucks_24.jpg,trucks
/Users/linafadhli/DataVehicle/trucks/trucks_30.jpg,trucks
/Users/linafadhli/DataVehicle/trucks/trucks_18.jpg,trucks
/Users/linafadhli/DataVehicle/trucks/trucks_216.jpg,trucks
/Users/linafadhli/DataVehicle/trucks/trucks_202.jpg,trucks
/Users/linafadhli/DataVehicle/trucks/trucks_362.jpg,trucks
/Users/linafadhli/DataVehicle/trucks/trucks_404.jpg,trucks
/Users/linafadhli/DataVehicle/trucks/trucks_410.jpg,trucks
/Users/linafadhli/DataVehicle/trucks/trucks_376.jpg,trucks
/Users/linafadhli/DataVehicle/trucks/trucks_389.jpg,trucks
/Users/linafadhli/DataVehicle/trucks/trucks_148.jpg,trucks
/Users/linafadhli/DataVehicle/trucks/trucks_160.jpg,trucks
/Users/linafadhli/DataVehicle/trucks/trucks_174.jpg,trucks
/Users/linafadhli/DataVehicle/trucks/trucks_158.jpg,trucks
/Users/linafadhli/DataVehicle/trucks/trucks_170.jpg,trucks
/Users/linafadhli/DataVehicle/trucks/trucks_164.jpg,trucks
/Users/linafadhli/DataVehicle/trucks/trucks_399.jpg,trucks
/Users/linafadhli/DataVehicle/trucks/trucks_428.jpg,trucks
/Users/linafadhli/DataVehicle/trucks/trucks_372.jpg,trucks
/Users/linafadhli/DataVehicle/trucks/trucks_414.jpg,trucks
/Users/linafadhli/DataVehicle/trucks/trucks_400.jpg,trucks
/Users/linafadhli/DataVehicle/trucks/trucks_366.jpg,trucks
/Users/linafadhli/DataVehicle/trucks/trucks_206.jpg,trucks
/Users/linafadhli/DataVehicle/trucks/trucks_212.jpg,trucks
/Users/linafadhli/DataVehicle/trucks/trucks_34.jpg,trucks
/Users/linafadhli/DataVehicle/trucks/trucks_20.jpg,trucks
/Users/linafadhli/DataVehicle/trucks/trucks_21.jpg,trucks
/Users/linafadhli/DataVehicle/trucks/trucks_35.jpg,trucks
/Users/linafadhli/DataVehicle/trucks/trucks_213.jpg,trucks
/Users/linafadhli/DataVehicle/trucks/trucks_207.jpg,trucks
/Users/linafadhli/DataVehicle/trucks/trucks_401.jpg,trucks
/Users/linafadhli/DataVehicle/trucks/trucks_367.jpg,trucks
/Users/linafadhli/DataVehicle/trucks/trucks_373.jpg,trucks
/Users/linafadhli/DataVehicle/trucks/trucks_415.jpg,trucks
/Users/linafadhli/DataVehicle/trucks/trucks_429.jpg,trucks
/Users/linafadhli/DataVehicle/trucks/trucks_398.jpg,trucks
/Users/linafadhli/DataVehicle/trucks/trucks_165.jpg,trucks
/Users/linafadhli/DataVehicle/trucks/trucks_171.jpg,trucks
/Users/linafadhli/DataVehicle/trucks/trucks_159.jpg,trucks
/Users/linafadhli/DataVehicle/trucks/trucks_198.jpg,trucks
/Users/linafadhli/DataVehicle/trucks/trucks_167.jpg,trucks
/Users/linafadhli/DataVehicle/trucks/trucks_173.jpg,trucks
/Users/linafadhli/DataVehicle/trucks/trucks_359.jpg,trucks
/Users/linafadhli/DataVehicle/trucks/trucks_365.jpg,trucks
/Users/linafadhli/DataVehicle/trucks/trucks_403.jpg,trucks
/Users/linafadhli/DataVehicle/trucks/trucks_417.jpg,trucks
/Users/linafadhli/DataVehicle/trucks/trucks_371.jpg,trucks
/Users/linafadhli/DataVehicle/trucks/trucks_9.jpg,trucks
/Users/linafadhli/DataVehicle/trucks/trucks_239.jpg,trucks
/Users/linafadhli/DataVehicle/trucks/trucks_211.jpg,trucks
/Users/linafadhli/DataVehicle/trucks/trucks_205.jpg,trucks
/Users/linafadhli/DataVehicle/trucks/trucks_23.jpg,trucks
/Users/linafadhli/DataVehicle/trucks/trucks_37.jpg,trucks
/Users/linafadhli/DataVehicle/trucks/trucks_36.jpg,trucks
/Users/linafadhli/DataVehicle/trucks/trucks_22.jpg,trucks
/Users/linafadhli/DataVehicle/trucks/trucks_204.jpg,trucks
/Users/linafadhli/DataVehicle/trucks/trucks_210.jpg,trucks
/Users/linafadhli/DataVehicle/trucks/trucks_238.jpg,trucks
/Users/linafadhli/DataVehicle/trucks/trucks_8.jpg,trucks
/Users/linafadhli/DataVehicle/trucks/trucks_416.jpg,trucks
/Users/linafadhli/DataVehicle/trucks/trucks_370.jpg,trucks
/Users/linafadhli/DataVehicle/trucks/trucks_364.jpg,trucks
/Users/linafadhli/DataVehicle/trucks/trucks_402.jpg,trucks
/Users/linafadhli/DataVehicle/trucks/trucks_358.jpg,trucks
/Users/linafadhli/DataVehicle/trucks/trucks_172.jpg,trucks
/Users/linafadhli/DataVehicle/trucks/trucks_166.jpg,trucks
/Users/linafadhli/DataVehicle/trucks/trucks_199.jpg,trucks
/Users/linafadhli/DataVehicle/trucks/trucks_101.jpg,trucks
/Users/linafadhli/DataVehicle/trucks/trucks_115.jpg,trucks
/Users/linafadhli/DataVehicle/trucks/trucks_129.jpg,trucks
/Users/linafadhli/DataVehicle/trucks/trucks_303.jpg,trucks
/Users/linafadhli/DataVehicle/trucks/trucks_317.jpg,trucks
/Users/linafadhli/DataVehicle/trucks/trucks_288.jpg,trucks
/Users/linafadhli/DataVehicle/trucks/trucks_277.jpg,trucks
/Users/linafadhli/DataVehicle/trucks/trucks_263.jpg,trucks
/Users/linafadhli/DataVehicle/trucks/trucks_86.jpg,trucks
/Users/linafadhli/DataVehicle/trucks/trucks_92.jpg,trucks
/Users/linafadhli/DataVehicle/trucks/trucks_79.jpg,trucks
/Users/linafadhli/DataVehicle/trucks/trucks_45.jpg,trucks
/Users/linafadhli/DataVehicle/trucks/trucks_51.jpg,trucks
/Users/linafadhli/DataVehicle/trucks/trucks_50.jpg,trucks
/Users/linafadhli/DataVehicle/trucks/trucks_44.jpg,trucks
/Users/linafadhli/DataVehicle/trucks/trucks_78.jpg,trucks
/Users/linafadhli/DataVehicle/trucks/trucks_93.jpg,trucks
/Users/linafadhli/DataVehicle/trucks/trucks_87.jpg,trucks
/Users/linafadhli/DataVehicle/trucks/trucks_262.jpg,trucks
/Users/linafadhli/DataVehicle/trucks/trucks_276.jpg,trucks
/Users/linafadhli/DataVehicle/trucks/trucks_289.jpg,trucks
/Users/linafadhli/DataVehicle/trucks/trucks_316.jpg,trucks
/Users/linafadhli/DataVehicle/trucks/trucks_302.jpg,trucks
/Users/linafadhli/DataVehicle/trucks/trucks_128.jpg,trucks
/Users/linafadhli/DataVehicle/trucks/trucks_114.jpg,trucks
/Users/linafadhli/DataVehicle/trucks/trucks_100.jpg,trucks
/Users/linafadhli/DataVehicle/trucks/trucks_116.jpg,trucks
/Users/linafadhli/DataVehicle/trucks/trucks_102.jpg,trucks
/Users/linafadhli/DataVehicle/trucks/trucks_314.jpg,trucks
/Users/linafadhli/DataVehicle/trucks/trucks_300.jpg,trucks
/Users/linafadhli/DataVehicle/trucks/trucks_328.jpg,trucks
/Users/linafadhli/DataVehicle/trucks/trucks_260.jpg,trucks
/Users/linafadhli/DataVehicle/trucks/trucks_274.jpg,trucks
/Users/linafadhli/DataVehicle/trucks/trucks_248.jpg,trucks
/Users/linafadhli/DataVehicle/trucks/trucks_91.jpg,trucks
/Users/linafadhli/DataVehicle/trucks/trucks_85.jpg,trucks
/Users/linafadhli/DataVehicle/trucks/trucks_52.jpg,trucks
/Users/linafadhli/DataVehicle/trucks/trucks_46.jpg,trucks
/Users/linafadhli/DataVehicle/trucks/trucks_47.jpg,trucks
/Users/linafadhli/DataVehicle/trucks/trucks_53.jpg,trucks
/Users/linafadhli/DataVehicle/trucks/trucks_84.jpg,trucks
/Users/linafadhli/DataVehicle/trucks/trucks_90.jpg,trucks
/Users/linafadhli/DataVehicle/trucks/trucks_249.jpg,trucks
/Users/linafadhli/DataVehicle/trucks/trucks_275.jpg,trucks
/Users/linafadhli/DataVehicle/trucks/trucks_261.jpg,trucks
/Users/linafadhli/DataVehicle/trucks/trucks_329.jpg,trucks
/Users/linafadhli/DataVehicle/trucks/trucks_301.jpg,trucks
/Users/linafadhli/DataVehicle/trucks/trucks_315.jpg,trucks
/Users/linafadhli/DataVehicle/trucks/trucks_103.jpg,trucks
/Users/linafadhli/DataVehicle/trucks/trucks_117.jpg,trucks
/Users/linafadhli/DataVehicle/trucks/trucks_113.jpg,trucks
/Users/linafadhli/DataVehicle/trucks/trucks_107.jpg,trucks
/Users/linafadhli/DataVehicle/trucks/trucks_339.jpg,trucks
/Users/linafadhli/DataVehicle/trucks/trucks_311.jpg,trucks
/Users/linafadhli/DataVehicle/trucks/trucks_305.jpg,trucks
/Users/linafadhli/DataVehicle/trucks/trucks_259.jpg,trucks
/Users/linafadhli/DataVehicle/trucks/trucks_265.jpg,trucks
/Users/linafadhli/DataVehicle/trucks/trucks_271.jpg,trucks
/Users/linafadhli/DataVehicle/trucks/trucks_94.jpg,trucks
/Users/linafadhli/DataVehicle/trucks/trucks_80.jpg,trucks
/Users/linafadhli/DataVehicle/trucks/trucks_57.jpg,trucks
/Users/linafadhli/DataVehicle/trucks/trucks_43.jpg,trucks
/Users/linafadhli/DataVehicle/trucks/trucks_42.jpg,trucks
/Users/linafadhli/DataVehicle/trucks/trucks_56.jpg,trucks
/Users/linafadhli/DataVehicle/trucks/trucks_81.jpg,trucks
/Users/linafadhli/DataVehicle/trucks/trucks_95.jpg,trucks
/Users/linafadhli/DataVehicle/trucks/trucks_270.jpg,trucks
/Users/linafadhli/DataVehicle/trucks/trucks_264.jpg,trucks
/Users/linafadhli/DataVehicle/trucks/trucks_258.jpg,trucks
/Users/linafadhli/DataVehicle/trucks/trucks_304.jpg,trucks
/Users/linafadhli/DataVehicle/trucks/trucks_310.jpg,trucks
/Users/linafadhli/DataVehicle/trucks/trucks_338.jpg,trucks
/Users/linafadhli/DataVehicle/trucks/trucks_106.jpg,trucks
/Users/linafadhli/DataVehicle/trucks/trucks_112.jpg,trucks
/Users/linafadhli/DataVehicle/trucks/trucks_138.jpg,trucks
/Users/linafadhli/DataVehicle/trucks/trucks_104.jpg,trucks
/Users/linafadhli/DataVehicle/trucks/trucks_110.jpg,trucks
/Users/linafadhli/DataVehicle/trucks/trucks_306.jpg,trucks
/Users/linafadhli/DataVehicle/trucks/trucks_312.jpg,trucks
/Users/linafadhli/DataVehicle/trucks/trucks_299.jpg,trucks
/Users/linafadhli/DataVehicle/trucks/trucks_272.jpg,trucks
/Users/linafadhli/DataVehicle/trucks/trucks_266.jpg,trucks
/Users/linafadhli/DataVehicle/trucks/trucks_83.jpg,trucks
/Users/linafadhli/DataVehicle/trucks/trucks_97.jpg,trucks
/Users/linafadhli/DataVehicle/trucks/trucks_40.jpg,trucks
/Users/linafadhli/DataVehicle/trucks/trucks_54.jpg,trucks
/Users/linafadhli/DataVehicle/trucks/trucks_68.jpg,trucks
/Users/linafadhli/DataVehicle/trucks/trucks_69.jpg,trucks
/Users/linafadhli/DataVehicle/trucks/trucks_55.jpg,trucks
/Users/linafadhli/DataVehicle/trucks/trucks_41.jpg,trucks
/Users/linafadhli/DataVehicle/trucks/trucks_96.jpg,trucks
/Users/linafadhli/DataVehicle/trucks/trucks_82.jpg,trucks
/Users/linafadhli/DataVehicle/trucks/trucks_267.jpg,trucks
/Users/linafadhli/DataVehicle/trucks/trucks_273.jpg,trucks
/Users/linafadhli/DataVehicle/trucks/trucks_298.jpg,trucks
/Users/linafadhli/DataVehicle/trucks/trucks_313.jpg,trucks
/Users/linafadhli/DataVehicle/trucks/trucks_307.jpg,trucks
/Users/linafadhli/DataVehicle/trucks/trucks_111.jpg,trucks
/Users/linafadhli/DataVehicle/trucks/trucks_105.jpg,trucks
/Users/linafadhli/DataVehicle/trucks/trucks_139.jpg,trucks
/Users/linafadhli/DataVehicle/cars/cars_861.jpg,cars
/Users/linafadhli/DataVehicle/cars/cars_875.jpg,cars
/Users/linafadhli/DataVehicle/cars/cars_685.jpg,cars
/Users/linafadhli/DataVehicle/cars/cars_849.jpg,cars
/Users/linafadhli/DataVehicle/cars/cars_691.jpg,cars
/Users/linafadhli/DataVehicle/cars/cars_646.jpg,cars
/Users/linafadhli/DataVehicle/cars/cars_652.jpg,cars
/Users/linafadhli/DataVehicle/cars/cars_487.jpg,cars
/Users/linafadhli/DataVehicle/cars/cars_493.jpg,cars
/Users/linafadhli/DataVehicle/cars/cars_478.jpg,cars
/Users/linafadhli/DataVehicle/cars/cars_444.jpg,cars
/Users/linafadhli/DataVehicle/cars/cars_450.jpg,cars
/Users/linafadhli/DataVehicle/cars/cars_518.jpg,cars
/Users/linafadhli/DataVehicle/cars/cars_1065.jpg,cars
/Users/linafadhli/DataVehicle/cars/cars_530.jpg,cars
/Users/linafadhli/DataVehicle/cars/cars_524.jpg,cars
/Users/linafadhli/DataVehicle/cars/cars_1059.jpg,cars
/Users/linafadhli/DataVehicle/cars/cars_915.jpg,cars
/Users/linafadhli/DataVehicle/cars/cars_901.jpg,cars
/Users/linafadhli/DataVehicle/cars/cars_929.jpg,cars
/Users/linafadhli/DataVehicle/cars/cars_732.jpg,cars
/Users/linafadhli/DataVehicle/cars/cars_726.jpg,cars
/Users/linafadhli/DataVehicle/cars/cars_727.jpg,cars
/Users/linafadhli/DataVehicle/cars/cars_733.jpg,cars
/Users/linafadhli/DataVehicle/cars/cars_928.jpg,cars
/Users/linafadhli/DataVehicle/cars/cars_900.jpg,cars
/Users/linafadhli/DataVehicle/cars/cars_914.jpg,cars
/Users/linafadhli/DataVehicle/cars/cars_525.jpg,cars
/Users/linafadhli/DataVehicle/cars/cars_1058.jpg,cars
/Users/linafadhli/DataVehicle/cars/cars_531.jpg,cars
/Users/linafadhli/DataVehicle/cars/cars_519.jpg,cars
/Users/linafadhli/DataVehicle/cars/cars_1064.jpg,cars
/Users/linafadhli/DataVehicle/cars/cars_451.jpg,cars
/Users/linafadhli/DataVehicle/cars/cars_445.jpg,cars
/Users/linafadhli/DataVehicle/cars/cars_479.jpg,cars
/Users/linafadhli/DataVehicle/cars/cars_492.jpg,cars
/Users/linafadhli/DataVehicle/cars/cars_486.jpg,cars
/Users/linafadhli/DataVehicle/cars/cars_653.jpg,cars
/Users/linafadhli/DataVehicle/cars/cars_647.jpg,cars
/Users/linafadhli/DataVehicle/cars/cars_690.jpg,cars
/Users/linafadhli/DataVehicle/cars/cars_848.jpg,cars
/Users/linafadhli/DataVehicle/cars/cars_684.jpg,cars
/Users/linafadhli/DataVehicle/cars/cars_874.jpg,cars
/Users/linafadhli/DataVehicle/cars/cars_860.jpg,cars
/Users/linafadhli/DataVehicle/cars/cars_876.jpg,cars
/Users/linafadhli/DataVehicle/cars/cars_862.jpg,cars
/Users/linafadhli/DataVehicle/cars/cars_692.jpg,cars
/Users/linafadhli/DataVehicle/cars/cars_686.jpg,cars
/Users/linafadhli/DataVehicle/cars/cars_679.jpg,cars
/Users/linafadhli/DataVehicle/cars/cars_651.jpg,cars
/Users/linafadhli/DataVehicle/cars/cars_889.jpg,cars
/Users/linafadhli/DataVehicle/cars/cars_645.jpg,cars
/Users/linafadhli/DataVehicle/cars/cars_490.jpg,cars
/Users/linafadhli/DataVehicle/cars/cars_484.jpg,cars
/Users/linafadhli/DataVehicle/cars/cars_453.jpg,cars
/Users/linafadhli/DataVehicle/cars/cars_447.jpg,cars
/Users/linafadhli/DataVehicle/cars/cars_1066.jpg,cars
/Users/linafadhli/DataVehicle/cars/cars_527.jpg,cars
/Users/linafadhli/DataVehicle/cars/cars_533.jpg,cars
/Users/linafadhli/DataVehicle/cars/cars_902.jpg,cars
/Users/linafadhli/DataVehicle/cars/cars_916.jpg,cars
/Users/linafadhli/DataVehicle/cars/cars_719.jpg,cars
/Users/linafadhli/DataVehicle/cars/cars_725.jpg,cars
/Users/linafadhli/DataVehicle/cars/cars_731.jpg,cars
/Users/linafadhli/DataVehicle/cars/cars_730.jpg,cars
/Users/linafadhli/DataVehicle/cars/cars_724.jpg,cars
/Users/linafadhli/DataVehicle/cars/cars_718.jpg,cars
/Users/linafadhli/DataVehicle/cars/cars_917.jpg,cars
/Users/linafadhli/DataVehicle/cars/cars_903.jpg,cars
/Users/linafadhli/DataVehicle/cars/cars_532.jpg,cars
/Users/linafadhli/DataVehicle/cars/cars_526.jpg,cars
/Users/linafadhli/DataVehicle/cars/cars_446.jpg,cars
/Users/linafadhli/DataVehicle/cars/cars_452.jpg,cars
/Users/linafadhli/DataVehicle/cars/cars_485.jpg,cars
/Users/linafadhli/DataVehicle/cars/cars_491.jpg,cars
/Users/linafadhli/DataVehicle/cars/cars_644.jpg,cars
/Users/linafadhli/DataVehicle/cars/cars_888.jpg,cars
/Users/linafadhli/DataVehicle/cars/cars_650.jpg,cars
/Users/linafadhli/DataVehicle/cars/cars_678.jpg,cars
/Users/linafadhli/DataVehicle/cars/cars_687.jpg,cars
/Users/linafadhli/DataVehicle/cars/cars_693.jpg,cars
/Users/linafadhli/DataVehicle/cars/cars_863.jpg,cars
/Users/linafadhli/DataVehicle/cars/cars_877.jpg,cars
/Users/linafadhli/DataVehicle/cars/cars_697.jpg,cars
/Users/linafadhli/DataVehicle/cars/cars_683.jpg,cars
/Users/linafadhli/DataVehicle/cars/cars_873.jpg,cars
/Users/linafadhli/DataVehicle/cars/cars_867.jpg,cars
/Users/linafadhli/DataVehicle/cars/cars_654.jpg,cars
/Users/linafadhli/DataVehicle/cars/cars_640.jpg,cars
/Users/linafadhli/DataVehicle/cars/cars_898.jpg,cars
/Users/linafadhli/DataVehicle/cars/cars_668.jpg,cars
/Users/linafadhli/DataVehicle/cars/cars_495.jpg,cars
/Users/linafadhli/DataVehicle/cars/cars_481.jpg,cars
/Users/linafadhli/DataVehicle/cars/cars_456.jpg,cars
/Users/linafadhli/DataVehicle/cars/cars_442.jpg,cars
/Users/linafadhli/DataVehicle/cars/cars_522.jpg,cars
/Users/linafadhli/DataVehicle/cars/cars_536.jpg,cars
/Users/linafadhli/DataVehicle/cars/cars_1063.jpg,cars
/Users/linafadhli/DataVehicle/cars/cars_907.jpg,cars
/Users/linafadhli/DataVehicle/cars/cars_913.jpg,cars
/Users/linafadhli/DataVehicle/cars/cars_720.jpg,cars
/Users/linafadhli/DataVehicle/cars/cars_734.jpg,cars
/Users/linafadhli/DataVehicle/cars/cars_708.jpg,cars
/Users/linafadhli/DataVehicle/cars/cars_709.jpg,cars
/Users/linafadhli/DataVehicle/cars/cars_735.jpg,cars
/Users/linafadhli/DataVehicle/cars/cars_721.jpg,cars
/Users/linafadhli/DataVehicle/cars/cars_912.jpg,cars
/Users/linafadhli/DataVehicle/cars/cars_906.jpg,cars
/Users/linafadhli/DataVehicle/cars/cars_1062.jpg,cars
/Users/linafadhli/DataVehicle/cars/cars_537.jpg,cars
/Users/linafadhli/DataVehicle/cars/cars_523.jpg,cars
/Users/linafadhli/DataVehicle/cars/cars_443.jpg,cars
/Users/linafadhli/DataVehicle/cars/cars_457.jpg,cars
/Users/linafadhli/DataVehicle/cars/cars_480.jpg,cars
/Users/linafadhli/DataVehicle/cars/cars_494.jpg,cars
/Users/linafadhli/DataVehicle/cars/cars_669.jpg,cars
/Users/linafadhli/DataVehicle/cars/cars_899.jpg,cars
/Users/linafadhli/DataVehicle/cars/cars_641.jpg,cars
/Users/linafadhli/DataVehicle/cars/cars_655.jpg,cars
/Users/linafadhli/DataVehicle/cars/cars_866.jpg,cars
/Users/linafadhli/DataVehicle/cars/cars_872.jpg,cars
/Users/linafadhli/DataVehicle/cars/cars_682.jpg,cars
/Users/linafadhli/DataVehicle/cars/cars_696.jpg,cars
/Users/linafadhli/DataVehicle/cars/cars_858.jpg,cars
/Users/linafadhli/DataVehicle/cars/cars_680.jpg,cars
/Users/linafadhli/DataVehicle/cars/cars_694.jpg,cars
/Users/linafadhli/DataVehicle/cars/cars_864.jpg,cars
/Users/linafadhli/DataVehicle/cars/cars_870.jpg,cars
/Users/linafadhli/DataVehicle/cars/cars_643.jpg,cars
/Users/linafadhli/DataVehicle/cars/cars_657.jpg,cars
/Users/linafadhli/DataVehicle/cars/cars_482.jpg,cars
/Users/linafadhli/DataVehicle/cars/cars_496.jpg,cars
/Users/linafadhli/DataVehicle/cars/cars_441.jpg,cars
/Users/linafadhli/DataVehicle/cars/cars_455.jpg,cars
/Users/linafadhli/DataVehicle/cars/cars_469.jpg,cars
/Users/linafadhli/DataVehicle/cars/cars_535.jpg,cars
/Users/linafadhli/DataVehicle/cars/cars_1048.jpg,cars
/Users/linafadhli/DataVehicle/cars/cars_521.jpg,cars
/Users/linafadhli/DataVehicle/cars/cars_509.jpg,cars
/Users/linafadhli/DataVehicle/cars/cars_1060.jpg,cars
/Users/linafadhli/DataVehicle/cars/cars_938.jpg,cars
/Users/linafadhli/DataVehicle/cars/cars_910.jpg,cars
/Users/linafadhli/DataVehicle/cars/cars_904.jpg,cars
/Users/linafadhli/DataVehicle/cars/cars_737.jpg,cars
/Users/linafadhli/DataVehicle/cars/cars_723.jpg,cars
/Users/linafadhli/DataVehicle/cars/cars_722.jpg,cars
/Users/linafadhli/DataVehicle/cars/cars_736.jpg,cars
/Users/linafadhli/DataVehicle/cars/cars_905.jpg,cars
/Users/linafadhli/DataVehicle/cars/cars_911.jpg,cars
/Users/linafadhli/DataVehicle/cars/cars_939.jpg,cars
/Users/linafadhli/DataVehicle/cars/cars_1061.jpg,cars
/Users/linafadhli/DataVehicle/cars/cars_508.jpg,cars
/Users/linafadhli/DataVehicle/cars/cars_520.jpg,cars
/Users/linafadhli/DataVehicle/cars/cars_534.jpg,cars
/Users/linafadhli/DataVehicle/cars/cars_1049.jpg,cars
/Users/linafadhli/DataVehicle/cars/cars_468.jpg,cars
/Users/linafadhli/DataVehicle/cars/cars_454.jpg,cars
/Users/linafadhli/DataVehicle/cars/cars_440.jpg,cars
/Users/linafadhli/DataVehicle/cars/cars_497.jpg,cars
/Users/linafadhli/DataVehicle/cars/cars_483.jpg,cars
/Users/linafadhli/DataVehicle/cars/cars_656.jpg,cars
/Users/linafadhli/DataVehicle/cars/cars_642.jpg,cars
/Users/linafadhli/DataVehicle/cars/cars_871.jpg,cars
/Users/linafadhli/DataVehicle/cars/cars_865.jpg,cars
/Users/linafadhli/DataVehicle/cars/cars_695.jpg,cars
/Users/linafadhli/DataVehicle/cars/cars_681.jpg,cars
/Users/linafadhli/DataVehicle/cars/cars_859.jpg,cars
/Users/linafadhli/DataVehicle/cars/cars_802.jpg,cars
/Users/linafadhli/DataVehicle/cars/cars_816.jpg,cars
/Users/linafadhli/DataVehicle/cars/cars_619.jpg,cars
/Users/linafadhli/DataVehicle/cars/cars_625.jpg,cars
/Users/linafadhli/DataVehicle/cars/cars_631.jpg,cars
/Users/linafadhli/DataVehicle/cars/cars_590.jpg,cars
/Users/linafadhli/DataVehicle/cars/cars_584.jpg,cars
/Users/linafadhli/DataVehicle/cars/cars_1012.jpg,cars
/Users/linafadhli/DataVehicle/cars/cars_1006.jpg,cars
/Users/linafadhli/DataVehicle/cars/cars_553.jpg,cars
/Users/linafadhli/DataVehicle/cars/cars_547.jpg,cars
/Users/linafadhli/DataVehicle/cars/cars_976.jpg,cars
/Users/linafadhli/DataVehicle/cars/cars_962.jpg,cars
/Users/linafadhli/DataVehicle/cars/cars_792.jpg,cars
/Users/linafadhli/DataVehicle/cars/cars_786.jpg,cars
/Users/linafadhli/DataVehicle/cars/cars_779.jpg,cars
/Users/linafadhli/DataVehicle/cars/cars_989.jpg,cars
/Users/linafadhli/DataVehicle/cars/cars_751.jpg,cars
/Users/linafadhli/DataVehicle/cars/cars_745.jpg,cars
/Users/linafadhli/DataVehicle/cars/cars_744.jpg,cars
/Users/linafadhli/DataVehicle/cars/cars_750.jpg,cars
/Users/linafadhli/DataVehicle/cars/cars_988.jpg,cars
/Users/linafadhli/DataVehicle/cars/cars_778.jpg,cars
/Users/linafadhli/DataVehicle/cars/cars_787.jpg,cars
/Users/linafadhli/DataVehicle/cars/cars_793.jpg,cars
/Users/linafadhli/DataVehicle/cars/cars_963.jpg,cars
/Users/linafadhli/DataVehicle/cars/cars_977.jpg,cars
/Users/linafadhli/DataVehicle/cars/cars_546.jpg,cars
/Users/linafadhli/DataVehicle/cars/cars_552.jpg,cars
/Users/linafadhli/DataVehicle/cars/cars_1007.jpg,cars
/Users/linafadhli/DataVehicle/cars/cars_1013.jpg,cars
/Users/linafadhli/DataVehicle/cars/cars_585.jpg,cars
/Users/linafadhli/DataVehicle/cars/cars_591.jpg,cars
/Users/linafadhli/DataVehicle/cars/cars_630.jpg,cars
/Users/linafadhli/DataVehicle/cars/cars_624.jpg,cars
/Users/linafadhli/DataVehicle/cars/cars_618.jpg,cars
/Users/linafadhli/DataVehicle/cars/cars_817.jpg,cars
/Users/linafadhli/DataVehicle/cars/cars_803.jpg,cars
/Users/linafadhli/DataVehicle/cars/cars_815.jpg,cars
/Users/linafadhli/DataVehicle/cars/cars_801.jpg,cars
/Users/linafadhli/DataVehicle/cars/cars_829.jpg,cars
/Users/linafadhli/DataVehicle/cars/cars_632.jpg,cars
/Users/linafadhli/DataVehicle/cars/cars_626.jpg,cars
/Users/linafadhli/DataVehicle/cars/cars_587.jpg,cars
/Users/linafadhli/DataVehicle/cars/cars_593.jpg,cars
/Users/linafadhli/DataVehicle/cars/cars_578.jpg,cars
/Users/linafadhli/DataVehicle/cars/cars_1005.jpg,cars
/Users/linafadhli/DataVehicle/cars/cars_1011.jpg,cars
/Users/linafadhli/DataVehicle/cars/cars_544.jpg,cars
/Users/linafadhli/DataVehicle/cars/cars_1039.jpg,cars
/Users/linafadhli/DataVehicle/cars/cars_550.jpg,cars
/Users/linafadhli/DataVehicle/cars/cars_961.jpg,cars
/Users/linafadhli/DataVehicle/cars/cars_975.jpg,cars
/Users/linafadhli/DataVehicle/cars/cars_785.jpg,cars
/Users/linafadhli/DataVehicle/cars/cars_791.jpg,cars
/Users/linafadhli/DataVehicle/cars/cars_949.jpg,cars
/Users/linafadhli/DataVehicle/cars/cars_746.jpg,cars
/Users/linafadhli/DataVehicle/cars/cars_752.jpg,cars
/Users/linafadhli/DataVehicle/cars/cars_753.jpg,cars
/Users/linafadhli/DataVehicle/cars/cars_747.jpg,cars
/Users/linafadhli/DataVehicle/cars/cars_948.jpg,cars
/Users/linafadhli/DataVehicle/cars/cars_790.jpg,cars
/Users/linafadhli/DataVehicle/cars/cars_784.jpg,cars
/Users/linafadhli/DataVehicle/cars/cars_974.jpg,cars
/Users/linafadhli/DataVehicle/cars/cars_960.jpg,cars
/Users/linafadhli/DataVehicle/cars/cars_551.jpg,cars
/Users/linafadhli/DataVehicle/cars/cars_545.jpg,cars
/Users/linafadhli/DataVehicle/cars/cars_1038.jpg,cars
/Users/linafadhli/DataVehicle/cars/cars_1010.jpg,cars
/Users/linafadhli/DataVehicle/cars/cars_579.jpg,cars
/Users/linafadhli/DataVehicle/cars/cars_1004.jpg,cars
/Users/linafadhli/DataVehicle/cars/cars_592.jpg,cars
/Users/linafadhli/DataVehicle/cars/cars_586.jpg,cars
/Users/linafadhli/DataVehicle/cars/cars_627.jpg,cars
/Users/linafadhli/DataVehicle/cars/cars_633.jpg,cars
/Users/linafadhli/DataVehicle/cars/cars_828.jpg,cars
/Users/linafadhli/DataVehicle/cars/cars_800.jpg,cars
/Users/linafadhli/DataVehicle/cars/cars_814.jpg,cars
/Users/linafadhli/DataVehicle/cars/cars_838.jpg,cars
/Users/linafadhli/DataVehicle/cars/cars_810.jpg,cars
/Users/linafadhli/DataVehicle/cars/cars_804.jpg,cars
/Users/linafadhli/DataVehicle/cars/cars_637.jpg,cars
/Users/linafadhli/DataVehicle/cars/cars_623.jpg,cars
/Users/linafadhli/DataVehicle/cars/cars_435.jpg,cars
/Users/linafadhli/DataVehicle/cars/cars_582.jpg,cars
/Users/linafadhli/DataVehicle/cars/cars_596.jpg,cars
/Users/linafadhli/DataVehicle/cars/cars_541.jpg,cars
/Users/linafadhli/DataVehicle/cars/cars_555.jpg,cars
/Users/linafadhli/DataVehicle/cars/cars_1028.jpg,cars
/Users/linafadhli/DataVehicle/cars/cars_1000.jpg,cars
/Users/linafadhli/DataVehicle/cars/cars_569.jpg,cars
/Users/linafadhli/DataVehicle/cars/cars_1014.jpg,cars
/Users/linafadhli/DataVehicle/cars/cars_780.jpg,cars
/Users/linafadhli/DataVehicle/cars/cars_958.jpg,cars
/Users/linafadhli/DataVehicle/cars/cars_794.jpg,cars
/Users/linafadhli/DataVehicle/cars/cars_964.jpg,cars
/Users/linafadhli/DataVehicle/cars/cars_970.jpg,cars
/Users/linafadhli/DataVehicle/cars/cars_743.jpg,cars
/Users/linafadhli/DataVehicle/cars/cars_757.jpg,cars
/Users/linafadhli/DataVehicle/cars/cars_756.jpg,cars
/Users/linafadhli/DataVehicle/cars/cars_742.jpg,cars
/Users/linafadhli/DataVehicle/cars/cars_971.jpg,cars
/Users/linafadhli/DataVehicle/cars/cars_965.jpg,cars
/Users/linafadhli/DataVehicle/cars/cars_795.jpg,cars
/Users/linafadhli/DataVehicle/cars/cars_959.jpg,cars
/Users/linafadhli/DataVehicle/cars/cars_781.jpg,cars
/Users/linafadhli/DataVehicle/cars/cars_568.jpg,cars
/Users/linafadhli/DataVehicle/cars/cars_1015.jpg,cars
/Users/linafadhli/DataVehicle/cars/cars_1001.jpg,cars
/Users/linafadhli/DataVehicle/cars/cars_554.jpg,cars
/Users/linafadhli/DataVehicle/cars/cars_1029.jpg,cars
/Users/linafadhli/DataVehicle/cars/cars_540.jpg,cars
/Users/linafadhli/DataVehicle/cars/cars_597.jpg,cars
/Users/linafadhli/DataVehicle/cars/cars_583.jpg,cars
/Users/linafadhli/DataVehicle/cars/cars_434.jpg,cars
/Users/linafadhli/DataVehicle/cars/cars_622.jpg,cars
/Users/linafadhli/DataVehicle/cars/cars_636.jpg,cars
/Users/linafadhli/DataVehicle/cars/cars_805.jpg,cars
/Users/linafadhli/DataVehicle/cars/cars_811.jpg,cars
/Users/linafadhli/DataVehicle/cars/cars_839.jpg,cars
/Users/linafadhli/DataVehicle/cars/cars_807.jpg,cars
/Users/linafadhli/DataVehicle/cars/cars_813.jpg,cars
/Users/linafadhli/DataVehicle/cars/cars_620.jpg,cars
/Users/linafadhli/DataVehicle/cars/cars_634.jpg,cars
/Users/linafadhli/DataVehicle/cars/cars_608.jpg,cars
/Users/linafadhli/DataVehicle/cars/cars_436.jpg,cars
/Users/linafadhli/DataVehicle/cars/cars_595.jpg,cars
/Users/linafadhli/DataVehicle/cars/cars_581.jpg,cars
/Users/linafadhli/DataVehicle/cars/cars_556.jpg,cars
/Users/linafadhli/DataVehicle/cars/cars_542.jpg,cars
/Users/linafadhli/DataVehicle/cars/cars_1017.jpg,cars
/Users/linafadhli/DataVehicle/cars/cars_1003.jpg,cars
/Users/linafadhli/DataVehicle/cars/cars_797.jpg,cars
/Users/linafadhli/DataVehicle/cars/cars_783.jpg,cars
/Users/linafadhli/DataVehicle/cars/cars_973.jpg,cars
/Users/linafadhli/DataVehicle/cars/cars_967.jpg,cars
/Users/linafadhli/DataVehicle/cars/cars_754.jpg,cars
/Users/linafadhli/DataVehicle/cars/cars_998.jpg,cars
/Users/linafadhli/DataVehicle/cars/cars_740.jpg,cars
/Users/linafadhli/DataVehicle/cars/cars_768.jpg,cars
/Users/linafadhli/DataVehicle/cars/cars_769.jpg,cars
/Users/linafadhli/DataVehicle/cars/cars_741.jpg,cars
/Users/linafadhli/DataVehicle/cars/cars_999.jpg,cars
/Users/linafadhli/DataVehicle/cars/cars_755.jpg,cars
/Users/linafadhli/DataVehicle/cars/cars_966.jpg,cars
/Users/linafadhli/DataVehicle/cars/cars_972.jpg,cars
/Users/linafadhli/DataVehicle/cars/cars_782.jpg,cars
/Users/linafadhli/DataVehicle/cars/cars_796.jpg,cars
/Users/linafadhli/DataVehicle/cars/cars_1002.jpg,cars
/Users/linafadhli/DataVehicle/cars/cars_1016.jpg,cars
/Users/linafadhli/DataVehicle/cars/cars_543.jpg,cars
/Users/linafadhli/DataVehicle/cars/cars_557.jpg,cars
/Users/linafadhli/DataVehicle/cars/cars_580.jpg,cars
/Users/linafadhli/DataVehicle/cars/cars_594.jpg,cars
/Users/linafadhli/DataVehicle/cars/cars_437.jpg,cars
/Users/linafadhli/DataVehicle/cars/cars_609.jpg,cars
/Users/linafadhli/DataVehicle/cars/cars_635.jpg,cars
/Users/linafadhli/DataVehicle/cars/cars_621.jpg,cars
/Users/linafadhli/DataVehicle/cars/cars_812.jpg,cars
/Users/linafadhli/DataVehicle/cars/cars_806.jpg,cars
/Users/linafadhli/DataVehicle/cars/cars_823.jpg,cars
/Users/linafadhli/DataVehicle/cars/cars_837.jpg,cars
/Users/linafadhli/DataVehicle/cars/cars_638.jpg,cars
/Users/linafadhli/DataVehicle/cars/cars_604.jpg,cars
/Users/linafadhli/DataVehicle/cars/cars_610.jpg,cars
/Users/linafadhli/DataVehicle/cars/cars_599.jpg,cars
/Users/linafadhli/DataVehicle/cars/cars_1033.jpg,cars
/Users/linafadhli/DataVehicle/cars/cars_1027.jpg,cars
/Users/linafadhli/DataVehicle/cars/cars_572.jpg,cars
/Users/linafadhli/DataVehicle/cars/cars_566.jpg,cars
/Users/linafadhli/DataVehicle/cars/cars_957.jpg,cars
/Users/linafadhli/DataVehicle/cars/cars_943.jpg,cars
/Users/linafadhli/DataVehicle/cars/cars_994.jpg,cars
/Users/linafadhli/DataVehicle/cars/cars_980.jpg,cars
/Users/linafadhli/DataVehicle/cars/cars_758.jpg,cars
/Users/linafadhli/DataVehicle/cars/cars_770.jpg,cars
/Users/linafadhli/DataVehicle/cars/cars_764.jpg,cars
/Users/linafadhli/DataVehicle/cars/cars_765.jpg,cars
/Users/linafadhli/DataVehicle/cars/cars_771.jpg,cars
/Users/linafadhli/DataVehicle/cars/cars_759.jpg,cars
/Users/linafadhli/DataVehicle/cars/cars_981.jpg,cars
/Users/linafadhli/DataVehicle/cars/cars_995.jpg,cars
/Users/linafadhli/DataVehicle/cars/cars_942.jpg,cars
/Users/linafadhli/DataVehicle/cars/cars_956.jpg,cars
/Users/linafadhli/DataVehicle/cars/cars_567.jpg,cars
/Users/linafadhli/DataVehicle/cars/cars_573.jpg,cars
/Users/linafadhli/DataVehicle/cars/cars_1026.jpg,cars
/Users/linafadhli/DataVehicle/cars/cars_1032.jpg,cars
/Users/linafadhli/DataVehicle/cars/cars_598.jpg,cars
/Users/linafadhli/DataVehicle/cars/cars_611.jpg,cars
/Users/linafadhli/DataVehicle/cars/cars_605.jpg,cars
/Users/linafadhli/DataVehicle/cars/cars_639.jpg,cars
/Users/linafadhli/DataVehicle/cars/cars_836.jpg,cars
/Users/linafadhli/DataVehicle/cars/cars_822.jpg,cars
/Users/linafadhli/DataVehicle/cars/cars_834.jpg,cars
/Users/linafadhli/DataVehicle/cars/cars_820.jpg,cars
/Users/linafadhli/DataVehicle/cars/cars_808.jpg,cars
/Users/linafadhli/DataVehicle/cars/cars_613.jpg,cars
/Users/linafadhli/DataVehicle/cars/cars_607.jpg,cars
/Users/linafadhli/DataVehicle/cars/cars_439.jpg,cars
/Users/linafadhli/DataVehicle/cars/cars_559.jpg,cars
/Users/linafadhli/DataVehicle/cars/cars_1024.jpg,cars
/Users/linafadhli/DataVehicle/cars/cars_1030.jpg,cars
/Users/linafadhli/DataVehicle/cars/cars_565.jpg,cars
/Users/linafadhli/DataVehicle/cars/cars_1018.jpg,cars
/Users/linafadhli/DataVehicle/cars/cars_571.jpg,cars
/Users/linafadhli/DataVehicle/cars/cars_798.jpg,cars
/Users/linafadhli/DataVehicle/cars/cars_940.jpg,cars
/Users/linafadhli/DataVehicle/cars/cars_954.jpg,cars
/Users/linafadhli/DataVehicle/cars/cars_968.jpg,cars
/Users/linafadhli/DataVehicle/cars/cars_983.jpg,cars
/Users/linafadhli/DataVehicle/cars/cars_997.jpg,cars
/Users/linafadhli/DataVehicle/cars/cars_767.jpg,cars
/Users/linafadhli/DataVehicle/cars/cars_773.jpg,cars
/Users/linafadhli/DataVehicle/cars/cars_772.jpg,cars
/Users/linafadhli/DataVehicle/cars/cars_766.jpg,cars
/Users/linafadhli/DataVehicle/cars/cars_996.jpg,cars
/Users/linafadhli/DataVehicle/cars/cars_982.jpg,cars
/Users/linafadhli/DataVehicle/cars/cars_969.jpg,cars
/Users/linafadhli/DataVehicle/cars/cars_955.jpg,cars
/Users/linafadhli/DataVehicle/cars/cars_941.jpg,cars
/Users/linafadhli/DataVehicle/cars/cars_799.jpg,cars
/Users/linafadhli/DataVehicle/cars/cars_570.jpg,cars
/Users/linafadhli/DataVehicle/cars/cars_564.jpg,cars
/Users/linafadhli/DataVehicle/cars/cars_1019.jpg,cars
/Users/linafadhli/DataVehicle/cars/cars_1031.jpg,cars
/Users/linafadhli/DataVehicle/cars/cars_558.jpg,cars
/Users/linafadhli/DataVehicle/cars/cars_1025.jpg,cars
/Users/linafadhli/DataVehicle/cars/cars_438.jpg,cars
/Users/linafadhli/DataVehicle/cars/cars_606.jpg,cars
/Users/linafadhli/DataVehicle/cars/cars_612.jpg,cars
/Users/linafadhli/DataVehicle/cars/cars_809.jpg,cars
/Users/linafadhli/DataVehicle/cars/cars_821.jpg,cars
/Users/linafadhli/DataVehicle/cars/cars_835.jpg,cars
/Users/linafadhli/DataVehicle/cars/cars_819.jpg,cars
/Users/linafadhli/DataVehicle/cars/cars_831.jpg,cars
/Users/linafadhli/DataVehicle/cars/cars_825.jpg,cars
/Users/linafadhli/DataVehicle/cars/cars_616.jpg,cars
/Users/linafadhli/DataVehicle/cars/cars_602.jpg,cars
/Users/linafadhli/DataVehicle/cars/cars_560.jpg,cars
/Users/linafadhli/DataVehicle/cars/cars_574.jpg,cars
/Users/linafadhli/DataVehicle/cars/cars_1009.jpg,cars
/Users/linafadhli/DataVehicle/cars/cars_1021.jpg,cars
/Users/linafadhli/DataVehicle/cars/cars_548.jpg,cars
/Users/linafadhli/DataVehicle/cars/cars_1035.jpg,cars
/Users/linafadhli/DataVehicle/cars/cars_979.jpg,cars
/Users/linafadhli/DataVehicle/cars/cars_945.jpg,cars
/Users/linafadhli/DataVehicle/cars/cars_789.jpg,cars
/Users/linafadhli/DataVehicle/cars/cars_951.jpg,cars
/Users/linafadhli/DataVehicle/cars/cars_762.jpg,cars
/Users/linafadhli/DataVehicle/cars/cars_776.jpg,cars
/Users/linafadhli/DataVehicle/cars/cars_986.jpg,cars
/Users/linafadhli/DataVehicle/cars/cars_992.jpg,cars
/Users/linafadhli/DataVehicle/cars/cars_993.jpg,cars
/Users/linafadhli/DataVehicle/cars/cars_987.jpg,cars
/Users/linafadhli/DataVehicle/cars/cars_777.jpg,cars
/Users/linafadhli/DataVehicle/cars/cars_763.jpg,cars
/Users/linafadhli/DataVehicle/cars/cars_950.jpg,cars
/Users/linafadhli/DataVehicle/cars/cars_788.jpg,cars
/Users/linafadhli/DataVehicle/cars/cars_944.jpg,cars
/Users/linafadhli/DataVehicle/cars/cars_978.jpg,cars
/Users/linafadhli/DataVehicle/cars/cars_549.jpg,cars
/Users/linafadhli/DataVehicle/cars/cars_1034.jpg,cars
/Users/linafadhli/DataVehicle/cars/cars_1020.jpg,cars
/Users/linafadhli/DataVehicle/cars/cars_575.jpg,cars
/Users/linafadhli/DataVehicle/cars/cars_1008.jpg,cars
/Users/linafadhli/DataVehicle/cars/cars_561.jpg,cars
/Users/linafadhli/DataVehicle/cars/cars_603.jpg,cars
/Users/linafadhli/DataVehicle/cars/cars_617.jpg,cars
/Users/linafadhli/DataVehicle/cars/cars_824.jpg,cars
/Users/linafadhli/DataVehicle/cars/cars_830.jpg,cars
/Users/linafadhli/DataVehicle/cars/cars_818.jpg,cars
/Users/linafadhli/DataVehicle/cars/cars_826.jpg,cars
/Users/linafadhli/DataVehicle/cars/cars_832.jpg,cars
/Users/linafadhli/DataVehicle/cars/cars_601.jpg,cars
/Users/linafadhli/DataVehicle/cars/cars_615.jpg,cars
/Users/linafadhli/DataVehicle/cars/cars_629.jpg,cars
/Users/linafadhli/DataVehicle/cars/cars_588.jpg,cars
/Users/linafadhli/DataVehicle/cars/cars_577.jpg,cars
/Users/linafadhli/DataVehicle/cars/cars_563.jpg,cars
/Users/linafadhli/DataVehicle/cars/cars_1036.jpg,cars
/Users/linafadhli/DataVehicle/cars/cars_1022.jpg,cars
/Users/linafadhli/DataVehicle/cars/cars_952.jpg,cars
/Users/linafadhli/DataVehicle/cars/cars_946.jpg,cars
/Users/linafadhli/DataVehicle/cars/cars_775.jpg,cars
/Users/linafadhli/DataVehicle/cars/cars_761.jpg,cars
/Users/linafadhli/DataVehicle/cars/cars_991.jpg,cars
/Users/linafadhli/DataVehicle/cars/cars_749.jpg,cars
/Users/linafadhli/DataVehicle/cars/cars_985.jpg,cars
/Users/linafadhli/DataVehicle/cars/cars_984.jpg,cars
/Users/linafadhli/DataVehicle/cars/cars_748.jpg,cars
/Users/linafadhli/DataVehicle/cars/cars_990.jpg,cars
/Users/linafadhli/DataVehicle/cars/cars_760.jpg,cars
/Users/linafadhli/DataVehicle/cars/cars_774.jpg,cars
/Users/linafadhli/DataVehicle/cars/cars_947.jpg,cars
/Users/linafadhli/DataVehicle/cars/cars_953.jpg,cars
/Users/linafadhli/DataVehicle/cars/cars_1023.jpg,cars
/Users/linafadhli/DataVehicle/cars/cars_1037.jpg,cars
/Users/linafadhli/DataVehicle/cars/cars_562.jpg,cars
/Users/linafadhli/DataVehicle/cars/cars_576.jpg,cars
/Users/linafadhli/DataVehicle/cars/cars_589.jpg,cars
/Users/linafadhli/DataVehicle/cars/cars_628.jpg,cars
/Users/linafadhli/DataVehicle/cars/cars_614.jpg,cars
/Users/linafadhli/DataVehicle/cars/cars_600.jpg,cars
/Users/linafadhli/DataVehicle/cars/cars_833.jpg,cars
/Users/linafadhli/DataVehicle/cars/cars_827.jpg,cars
/Users/linafadhli/DataVehicle/cars/cars_840.jpg,cars
/Users/linafadhli/DataVehicle/cars/cars_698.jpg,cars
/Users/linafadhli/DataVehicle/cars/cars_854.jpg,cars
/Users/linafadhli/DataVehicle/cars/cars_868.jpg,cars
/Users/linafadhli/DataVehicle/cars/cars_883.jpg,cars
/Users/linafadhli/DataVehicle/cars/cars_897.jpg,cars
/Users/linafadhli/DataVehicle/cars/cars_667.jpg,cars
/Users/linafadhli/DataVehicle/cars/cars_673.jpg,cars
/Users/linafadhli/DataVehicle/cars/cars_459.jpg,cars
/Users/linafadhli/DataVehicle/cars/cars_465.jpg,cars
/Users/linafadhli/DataVehicle/cars/cars_471.jpg,cars
/Users/linafadhli/DataVehicle/cars/cars_1050.jpg,cars
/Users/linafadhli/DataVehicle/cars/cars_539.jpg,cars
/Users/linafadhli/DataVehicle/cars/cars_1044.jpg,cars
/Users/linafadhli/DataVehicle/cars/cars_511.jpg,cars
/Users/linafadhli/DataVehicle/cars/cars_505.jpg,cars
/Users/linafadhli/DataVehicle/cars/cars_934.jpg,cars
/Users/linafadhli/DataVehicle/cars/cars_920.jpg,cars
/Users/linafadhli/DataVehicle/cars/cars_908.jpg,cars
/Users/linafadhli/DataVehicle/cars/cars_713.jpg,cars
/Users/linafadhli/DataVehicle/cars/cars_707.jpg,cars
/Users/linafadhli/DataVehicle/cars/cars_706.jpg,cars
/Users/linafadhli/DataVehicle/cars/cars_712.jpg,cars
/Users/linafadhli/DataVehicle/cars/cars_909.jpg,cars
/Users/linafadhli/DataVehicle/cars/cars_921.jpg,cars
/Users/linafadhli/DataVehicle/cars/cars_935.jpg,cars
/Users/linafadhli/DataVehicle/cars/cars_504.jpg,cars
/Users/linafadhli/DataVehicle/cars/cars_510.jpg,cars
/Users/linafadhli/DataVehicle/cars/cars_538.jpg,cars
/Users/linafadhli/DataVehicle/cars/cars_1045.jpg,cars
/Users/linafadhli/DataVehicle/cars/cars_1051.jpg,cars
/Users/linafadhli/DataVehicle/cars/cars_470.jpg,cars
/Users/linafadhli/DataVehicle/cars/cars_464.jpg,cars
/Users/linafadhli/DataVehicle/cars/cars_458.jpg,cars
/Users/linafadhli/DataVehicle/cars/cars_672.jpg,cars
/Users/linafadhli/DataVehicle/cars/cars_666.jpg,cars
/Users/linafadhli/DataVehicle/cars/cars_896.jpg,cars
/Users/linafadhli/DataVehicle/cars/cars_882.jpg,cars
/Users/linafadhli/DataVehicle/cars/cars_869.jpg,cars
/Users/linafadhli/DataVehicle/cars/cars_855.jpg,cars
/Users/linafadhli/DataVehicle/cars/cars_699.jpg,cars
/Users/linafadhli/DataVehicle/cars/cars_841.jpg,cars
/Users/linafadhli/DataVehicle/cars/cars_857.jpg,cars
/Users/linafadhli/DataVehicle/cars/cars_843.jpg,cars
/Users/linafadhli/DataVehicle/cars/cars_894.jpg,cars
/Users/linafadhli/DataVehicle/cars/cars_658.jpg,cars
/Users/linafadhli/DataVehicle/cars/cars_880.jpg,cars
/Users/linafadhli/DataVehicle/cars/cars_670.jpg,cars
/Users/linafadhli/DataVehicle/cars/cars_664.jpg,cars
/Users/linafadhli/DataVehicle/cars/cars_499.jpg,cars
/Users/linafadhli/DataVehicle/cars/cars_472.jpg,cars
/Users/linafadhli/DataVehicle/cars/cars_466.jpg,cars
/Users/linafadhli/DataVehicle/cars/cars_1047.jpg,cars
/Users/linafadhli/DataVehicle/cars/cars_1053.jpg,cars
/Users/linafadhli/DataVehicle/cars/cars_506.jpg,cars
/Users/linafadhli/DataVehicle/cars/cars_512.jpg,cars
/Users/linafadhli/DataVehicle/cars/cars_923.jpg,cars
/Users/linafadhli/DataVehicle/cars/cars_937.jpg,cars
/Users/linafadhli/DataVehicle/cars/cars_738.jpg,cars
/Users/linafadhli/DataVehicle/cars/cars_704.jpg,cars
/Users/linafadhli/DataVehicle/cars/cars_710.jpg,cars
/Users/linafadhli/DataVehicle/cars/cars_711.jpg,cars
/Users/linafadhli/DataVehicle/cars/cars_705.jpg,cars
/Users/linafadhli/DataVehicle/cars/cars_739.jpg,cars
/Users/linafadhli/DataVehicle/cars/cars_936.jpg,cars
/Users/linafadhli/DataVehicle/cars/cars_922.jpg,cars
/Users/linafadhli/DataVehicle/cars/cars_513.jpg,cars
/Users/linafadhli/DataVehicle/cars/cars_507.jpg,cars
/Users/linafadhli/DataVehicle/cars/cars_1052.jpg,cars
/Users/linafadhli/DataVehicle/cars/cars_1046.jpg,cars
/Users/linafadhli/DataVehicle/cars/cars_467.jpg,cars
/Users/linafadhli/DataVehicle/cars/cars_473.jpg,cars
/Users/linafadhli/DataVehicle/cars/cars_498.jpg,cars
/Users/linafadhli/DataVehicle/cars/cars_665.jpg,cars
/Users/linafadhli/DataVehicle/cars/cars_671.jpg,cars
/Users/linafadhli/DataVehicle/cars/cars_881.jpg,cars
/Users/linafadhli/DataVehicle/cars/cars_659.jpg,cars
/Users/linafadhli/DataVehicle/cars/cars_895.jpg,cars
/Users/linafadhli/DataVehicle/cars/cars_842.jpg,cars
/Users/linafadhli/DataVehicle/cars/cars_856.jpg,cars
/Users/linafadhli/DataVehicle/cars/cars_852.jpg,cars
/Users/linafadhli/DataVehicle/cars/cars_846.jpg,cars
/Users/linafadhli/DataVehicle/cars/cars_675.jpg,cars
/Users/linafadhli/DataVehicle/cars/cars_661.jpg,cars
/Users/linafadhli/DataVehicle/cars/cars_649.jpg,cars
/Users/linafadhli/DataVehicle/cars/cars_891.jpg,cars
/Users/linafadhli/DataVehicle/cars/cars_885.jpg,cars
/Users/linafadhli/DataVehicle/cars/cars_488.jpg,cars
/Users/linafadhli/DataVehicle/cars/cars_477.jpg,cars
/Users/linafadhli/DataVehicle/cars/cars_463.jpg,cars
/Users/linafadhli/DataVehicle/cars/cars_503.jpg,cars
/Users/linafadhli/DataVehicle/cars/cars_517.jpg,cars
/Users/linafadhli/DataVehicle/cars/cars_1042.jpg,cars
/Users/linafadhli/DataVehicle/cars/cars_1056.jpg,cars
/Users/linafadhli/DataVehicle/cars/cars_926.jpg,cars
/Users/linafadhli/DataVehicle/cars/cars_932.jpg,cars
/Users/linafadhli/DataVehicle/cars/cars_701.jpg,cars
/Users/linafadhli/DataVehicle/cars/cars_715.jpg,cars
/Users/linafadhli/DataVehicle/cars/cars_729.jpg,cars
/Users/linafadhli/DataVehicle/cars/cars_728.jpg,cars
/Users/linafadhli/DataVehicle/cars/cars_714.jpg,cars
/Users/linafadhli/DataVehicle/cars/cars_700.jpg,cars
/Users/linafadhli/DataVehicle/cars/cars_933.jpg,cars
/Users/linafadhli/DataVehicle/cars/cars_927.jpg,cars
/Users/linafadhli/DataVehicle/cars/cars_1057.jpg,cars
/Users/linafadhli/DataVehicle/cars/cars_1043.jpg,cars
/Users/linafadhli/DataVehicle/cars/cars_516.jpg,cars
/Users/linafadhli/DataVehicle/cars/cars_502.jpg,cars
/Users/linafadhli/DataVehicle/cars/cars_462.jpg,cars
/Users/linafadhli/DataVehicle/cars/cars_476.jpg,cars
/Users/linafadhli/DataVehicle/cars/cars_489.jpg,cars
/Users/linafadhli/DataVehicle/cars/cars_884.jpg,cars
/Users/linafadhli/DataVehicle/cars/cars_890.jpg,cars
/Users/linafadhli/DataVehicle/cars/cars_648.jpg,cars
/Users/linafadhli/DataVehicle/cars/cars_660.jpg,cars
/Users/linafadhli/DataVehicle/cars/cars_674.jpg,cars
/Users/linafadhli/DataVehicle/cars/cars_847.jpg,cars
/Users/linafadhli/DataVehicle/cars/cars_853.jpg,cars
/Users/linafadhli/DataVehicle/cars/cars_879.jpg,cars
/Users/linafadhli/DataVehicle/cars/cars_845.jpg,cars
/Users/linafadhli/DataVehicle/cars/cars_851.jpg,cars
/Users/linafadhli/DataVehicle/cars/cars_689.jpg,cars
/Users/linafadhli/DataVehicle/cars/cars_662.jpg,cars
/Users/linafadhli/DataVehicle/cars/cars_676.jpg,cars
/Users/linafadhli/DataVehicle/cars/cars_886.jpg,cars
/Users/linafadhli/DataVehicle/cars/cars_892.jpg,cars
/Users/linafadhli/DataVehicle/cars/cars_460.jpg,cars
/Users/linafadhli/DataVehicle/cars/cars_474.jpg,cars
/Users/linafadhli/DataVehicle/cars/cars_448.jpg,cars
/Users/linafadhli/DataVehicle/cars/cars_514.jpg,cars
/Users/linafadhli/DataVehicle/cars/cars_500.jpg,cars
/Users/linafadhli/DataVehicle/cars/cars_528.jpg,cars
/Users/linafadhli/DataVehicle/cars/cars_1055.jpg,cars
/Users/linafadhli/DataVehicle/cars/cars_1041.jpg,cars
/Users/linafadhli/DataVehicle/cars/cars_919.jpg,cars
/Users/linafadhli/DataVehicle/cars/cars_931.jpg,cars
/Users/linafadhli/DataVehicle/cars/cars_925.jpg,cars
/Users/linafadhli/DataVehicle/cars/cars_716.jpg,cars
/Users/linafadhli/DataVehicle/cars/cars_702.jpg,cars
/Users/linafadhli/DataVehicle/cars/cars_703.jpg,cars
/Users/linafadhli/DataVehicle/cars/cars_717.jpg,cars
/Users/linafadhli/DataVehicle/cars/cars_924.jpg,cars
/Users/linafadhli/DataVehicle/cars/cars_930.jpg,cars
/Users/linafadhli/DataVehicle/cars/cars_918.jpg,cars
/Users/linafadhli/DataVehicle/cars/cars_1040.jpg,cars
/Users/linafadhli/DataVehicle/cars/cars_529.jpg,cars
/Users/linafadhli/DataVehicle/cars/cars_1054.jpg,cars
/Users/linafadhli/DataVehicle/cars/cars_501.jpg,cars
/Users/linafadhli/DataVehicle/cars/cars_515.jpg,cars
/Users/linafadhli/DataVehicle/cars/cars_449.jpg,cars
/Users/linafadhli/DataVehicle/cars/cars_475.jpg,cars
/Users/linafadhli/DataVehicle/cars/cars_461.jpg,cars
/Users/linafadhli/DataVehicle/cars/cars_893.jpg,cars
/Users/linafadhli/DataVehicle/cars/cars_887.jpg,cars
/Users/linafadhli/DataVehicle/cars/cars_677.jpg,cars
/Users/linafadhli/DataVehicle/cars/cars_663.jpg,cars
/Users/linafadhli/DataVehicle/cars/cars_688.jpg,cars
/Users/linafadhli/DataVehicle/cars/cars_850.jpg,cars
/Users/linafadhli/DataVehicle/cars/cars_844.jpg,cars
/Users/linafadhli/DataVehicle/cars/cars_878.jpg,cars
/Users/linafadhli/DataVehicle/bikes/bikes_1585.jpg,bikes
/Users/linafadhli/DataVehicle/bikes/bikes_1591.jpg,bikes
/Users/linafadhli/DataVehicle/bikes/bikes_1208.jpg,bikes
/Users/linafadhli/DataVehicle/bikes/bikes_1546.jpg,bikes
/Users/linafadhli/DataVehicle/bikes/bikes_1220.jpg,bikes
/Users/linafadhli/DataVehicle/bikes/bikes_1234.jpg,bikes
/Users/linafadhli/DataVehicle/bikes/bikes_1552.jpg,bikes
/Users/linafadhli/DataVehicle/bikes/bikes_1195.jpg,bikes
/Users/linafadhli/DataVehicle/bikes/bikes_1181.jpg,bikes
/Users/linafadhli/DataVehicle/bikes/bikes_1618.jpg,bikes
/Users/linafadhli/DataVehicle/bikes/bikes_1156.jpg,bikes
/Users/linafadhli/DataVehicle/bikes/bikes_1630.jpg,bikes
/Users/linafadhli/DataVehicle/bikes/bikes_1624.jpg,bikes
/Users/linafadhli/DataVehicle/bikes/bikes_1142.jpg,bikes
/Users/linafadhli/DataVehicle/bikes/bikes_1397.jpg,bikes
/Users/linafadhli/DataVehicle/bikes/bikes_1383.jpg,bikes
/Users/linafadhli/DataVehicle/bikes/bikes_1368.jpg,bikes
/Users/linafadhli/DataVehicle/bikes/bikes_1432.jpg,bikes
/Users/linafadhli/DataVehicle/bikes/bikes_1354.jpg,bikes
/Users/linafadhli/DataVehicle/bikes/bikes_1340.jpg,bikes
/Users/linafadhli/DataVehicle/bikes/bikes_1426.jpg,bikes
/Users/linafadhli/DataVehicle/bikes/bikes_1341.jpg,bikes
/Users/linafadhli/DataVehicle/bikes/bikes_1427.jpg,bikes
/Users/linafadhli/DataVehicle/bikes/bikes_1433.jpg,bikes
/Users/linafadhli/DataVehicle/bikes/bikes_1355.jpg,bikes
/Users/linafadhli/DataVehicle/bikes/bikes_1369.jpg,bikes
/Users/linafadhli/DataVehicle/bikes/bikes_1382.jpg,bikes
/Users/linafadhli/DataVehicle/bikes/bikes_1396.jpg,bikes
/Users/linafadhli/DataVehicle/bikes/bikes_1625.jpg,bikes
/Users/linafadhli/DataVehicle/bikes/bikes_1143.jpg,bikes
/Users/linafadhli/DataVehicle/bikes/bikes_1157.jpg,bikes
/Users/linafadhli/DataVehicle/bikes/bikes_1631.jpg,bikes
/Users/linafadhli/DataVehicle/bikes/bikes_1619.jpg,bikes
/Users/linafadhli/DataVehicle/bikes/bikes_1180.jpg,bikes
/Users/linafadhli/DataVehicle/bikes/bikes_1194.jpg,bikes
/Users/linafadhli/DataVehicle/bikes/bikes_1235.jpg,bikes
/Users/linafadhli/DataVehicle/bikes/bikes_1553.jpg,bikes
/Users/linafadhli/DataVehicle/bikes/bikes_1547.jpg,bikes
/Users/linafadhli/DataVehicle/bikes/bikes_1221.jpg,bikes
/Users/linafadhli/DataVehicle/bikes/bikes_1209.jpg,bikes
/Users/linafadhli/DataVehicle/bikes/bikes_1590.jpg,bikes
/Users/linafadhli/DataVehicle/bikes/bikes_1584.jpg,bikes
/Users/linafadhli/DataVehicle/bikes/bikes_1592.jpg,bikes
/Users/linafadhli/DataVehicle/bikes/bikes_1586.jpg,bikes
/Users/linafadhli/DataVehicle/bikes/bikes_1579.jpg,bikes
/Users/linafadhli/DataVehicle/bikes/bikes_1551.jpg,bikes
/Users/linafadhli/DataVehicle/bikes/bikes_1237.jpg,bikes
/Users/linafadhli/DataVehicle/bikes/bikes_1223.jpg,bikes
/Users/linafadhli/DataVehicle/bikes/bikes_1545.jpg,bikes
/Users/linafadhli/DataVehicle/bikes/bikes_1182.jpg,bikes
/Users/linafadhli/DataVehicle/bikes/bikes_1196.jpg,bikes
/Users/linafadhli/DataVehicle/bikes/bikes_1169.jpg,bikes
/Users/linafadhli/DataVehicle/bikes/bikes_1141.jpg,bikes
/Users/linafadhli/DataVehicle/bikes/bikes_1627.jpg,bikes
/Users/linafadhli/DataVehicle/bikes/bikes_1633.jpg,bikes
/Users/linafadhli/DataVehicle/bikes/bikes_1155.jpg,bikes
/Users/linafadhli/DataVehicle/bikes/bikes_1380.jpg,bikes
/Users/linafadhli/DataVehicle/bikes/bikes_1394.jpg,bikes
/Users/linafadhli/DataVehicle/bikes/bikes_1419.jpg,bikes
/Users/linafadhli/DataVehicle/bikes/bikes_1425.jpg,bikes
/Users/linafadhli/DataVehicle/bikes/bikes_1343.jpg,bikes
/Users/linafadhli/DataVehicle/bikes/bikes_1357.jpg,bikes
/Users/linafadhli/DataVehicle/bikes/bikes_1431.jpg,bikes
/Users/linafadhli/DataVehicle/bikes/bikes_1356.jpg,bikes
/Users/linafadhli/DataVehicle/bikes/bikes_1430.jpg,bikes
/Users/linafadhli/DataVehicle/bikes/bikes_1424.jpg,bikes
/Users/linafadhli/DataVehicle/bikes/bikes_1342.jpg,bikes
/Users/linafadhli/DataVehicle/bikes/bikes_1418.jpg,bikes
/Users/linafadhli/DataVehicle/bikes/bikes_1395.jpg,bikes
/Users/linafadhli/DataVehicle/bikes/bikes_1381.jpg,bikes
/Users/linafadhli/DataVehicle/bikes/bikes_1632.jpg,bikes
/Users/linafadhli/DataVehicle/bikes/bikes_1154.jpg,bikes
/Users/linafadhli/DataVehicle/bikes/bikes_1140.jpg,bikes
/Users/linafadhli/DataVehicle/bikes/bikes_1626.jpg,bikes
/Users/linafadhli/DataVehicle/bikes/bikes_1168.jpg,bikes
/Users/linafadhli/DataVehicle/bikes/bikes_1197.jpg,bikes
/Users/linafadhli/DataVehicle/bikes/bikes_1183.jpg,bikes
/Users/linafadhli/DataVehicle/bikes/bikes_1222.jpg,bikes
/Users/linafadhli/DataVehicle/bikes/bikes_1544.jpg,bikes
/Users/linafadhli/DataVehicle/bikes/bikes_1550.jpg,bikes
/Users/linafadhli/DataVehicle/bikes/bikes_1236.jpg,bikes
/Users/linafadhli/DataVehicle/bikes/bikes_1578.jpg,bikes
/Users/linafadhli/DataVehicle/bikes/bikes_1587.jpg,bikes
/Users/linafadhli/DataVehicle/bikes/bikes_1593.jpg,bikes
/Users/linafadhli/DataVehicle/bikes/bikes_1597.jpg,bikes
/Users/linafadhli/DataVehicle/bikes/bikes_1583.jpg,bikes
/Users/linafadhli/DataVehicle/bikes/bikes_1232.jpg,bikes
/Users/linafadhli/DataVehicle/bikes/bikes_1554.jpg,bikes
/Users/linafadhli/DataVehicle/bikes/bikes_1540.jpg,bikes
/Users/linafadhli/DataVehicle/bikes/bikes_1226.jpg,bikes
/Users/linafadhli/DataVehicle/bikes/bikes_1568.jpg,bikes
/Users/linafadhli/DataVehicle/bikes/bikes_1187.jpg,bikes
/Users/linafadhli/DataVehicle/bikes/bikes_1193.jpg,bikes
/Users/linafadhli/DataVehicle/bikes/bikes_1622.jpg,bikes
/Users/linafadhli/DataVehicle/bikes/bikes_1144.jpg,bikes
/Users/linafadhli/DataVehicle/bikes/bikes_1150.jpg,bikes
/Users/linafadhli/DataVehicle/bikes/bikes_1636.jpg,bikes
/Users/linafadhli/DataVehicle/bikes/bikes_1178.jpg,bikes
/Users/linafadhli/DataVehicle/bikes/bikes_1385.jpg,bikes
/Users/linafadhli/DataVehicle/bikes/bikes_1391.jpg,bikes
/Users/linafadhli/DataVehicle/bikes/bikes_1346.jpg,bikes
/Users/linafadhli/DataVehicle/bikes/bikes_1420.jpg,bikes
/Users/linafadhli/DataVehicle/bikes/bikes_1434.jpg,bikes
/Users/linafadhli/DataVehicle/bikes/bikes_1352.jpg,bikes
/Users/linafadhli/DataVehicle/bikes/bikes_1408.jpg,bikes
/Users/linafadhli/DataVehicle/bikes/bikes_1409.jpg,bikes
/Users/linafadhli/DataVehicle/bikes/bikes_1435.jpg,bikes
/Users/linafadhli/DataVehicle/bikes/bikes_1353.jpg,bikes
/Users/linafadhli/DataVehicle/bikes/bikes_1347.jpg,bikes
/Users/linafadhli/DataVehicle/bikes/bikes_1421.jpg,bikes
/Users/linafadhli/DataVehicle/bikes/bikes_1390.jpg,bikes
/Users/linafadhli/DataVehicle/bikes/bikes_1384.jpg,bikes
/Users/linafadhli/DataVehicle/bikes/bikes_1179.jpg,bikes
/Users/linafadhli/DataVehicle/bikes/bikes_1151.jpg,bikes
/Users/linafadhli/DataVehicle/bikes/bikes_1637.jpg,bikes
/Users/linafadhli/DataVehicle/bikes/bikes_1623.jpg,bikes
/Users/linafadhli/DataVehicle/bikes/bikes_1145.jpg,bikes
/Users/linafadhli/DataVehicle/bikes/bikes_1192.jpg,bikes
/Users/linafadhli/DataVehicle/bikes/bikes_1186.jpg,bikes
/Users/linafadhli/DataVehicle/bikes/bikes_1569.jpg,bikes
/Users/linafadhli/DataVehicle/bikes/bikes_1541.jpg,bikes
/Users/linafadhli/DataVehicle/bikes/bikes_1227.jpg,bikes
/Users/linafadhli/DataVehicle/bikes/bikes_1233.jpg,bikes
/Users/linafadhli/DataVehicle/bikes/bikes_1555.jpg,bikes
/Users/linafadhli/DataVehicle/bikes/bikes_1582.jpg,bikes
/Users/linafadhli/DataVehicle/bikes/bikes_1596.jpg,bikes
/Users/linafadhli/DataVehicle/bikes/bikes_1580.jpg,bikes
/Users/linafadhli/DataVehicle/bikes/bikes_1594.jpg,bikes
/Users/linafadhli/DataVehicle/bikes/bikes_1225.jpg,bikes
/Users/linafadhli/DataVehicle/bikes/bikes_1543.jpg,bikes
/Users/linafadhli/DataVehicle/bikes/bikes_1557.jpg,bikes
/Users/linafadhli/DataVehicle/bikes/bikes_1231.jpg,bikes
/Users/linafadhli/DataVehicle/bikes/bikes_1219.jpg,bikes
/Users/linafadhli/DataVehicle/bikes/bikes_1190.jpg,bikes
/Users/linafadhli/DataVehicle/bikes/bikes_1184.jpg,bikes
/Users/linafadhli/DataVehicle/bikes/bikes_1635.jpg,bikes
/Users/linafadhli/DataVehicle/bikes/bikes_1153.jpg,bikes
/Users/linafadhli/DataVehicle/bikes/bikes_1147.jpg,bikes
/Users/linafadhli/DataVehicle/bikes/bikes_1621.jpg,bikes
/Users/linafadhli/DataVehicle/bikes/bikes_1609.jpg,bikes
/Users/linafadhli/DataVehicle/bikes/bikes_1392.jpg,bikes
/Users/linafadhli/DataVehicle/bikes/bikes_1386.jpg,bikes
/Users/linafadhli/DataVehicle/bikes/bikes_1351.jpg,bikes
/Users/linafadhli/DataVehicle/bikes/bikes_1437.jpg,bikes
/Users/linafadhli/DataVehicle/bikes/bikes_1423.jpg,bikes
/Users/linafadhli/DataVehicle/bikes/bikes_1345.jpg,bikes
/Users/linafadhli/DataVehicle/bikes/bikes_1379.jpg,bikes
/Users/linafadhli/DataVehicle/bikes/bikes_1378.jpg,bikes
/Users/linafadhli/DataVehicle/bikes/bikes_1422.jpg,bikes
/Users/linafadhli/DataVehicle/bikes/bikes_1344.jpg,bikes
/Users/linafadhli/DataVehicle/bikes/bikes_1350.jpg,bikes
/Users/linafadhli/DataVehicle/bikes/bikes_1436.jpg,bikes
/Users/linafadhli/DataVehicle/bikes/bikes_1387.jpg,bikes
/Users/linafadhli/DataVehicle/bikes/bikes_1393.jpg,bikes
/Users/linafadhli/DataVehicle/bikes/bikes_1608.jpg,bikes
/Users/linafadhli/DataVehicle/bikes/bikes_1146.jpg,bikes
/Users/linafadhli/DataVehicle/bikes/bikes_1620.jpg,bikes
/Users/linafadhli/DataVehicle/bikes/bikes_1634.jpg,bikes
/Users/linafadhli/DataVehicle/bikes/bikes_1152.jpg,bikes
/Users/linafadhli/DataVehicle/bikes/bikes_1185.jpg,bikes
/Users/linafadhli/DataVehicle/bikes/bikes_1191.jpg,bikes
/Users/linafadhli/DataVehicle/bikes/bikes_1218.jpg,bikes
/Users/linafadhli/DataVehicle/bikes/bikes_1556.jpg,bikes
/Users/linafadhli/DataVehicle/bikes/bikes_1230.jpg,bikes
/Users/linafadhli/DataVehicle/bikes/bikes_1224.jpg,bikes
/Users/linafadhli/DataVehicle/bikes/bikes_1542.jpg,bikes
/Users/linafadhli/DataVehicle/bikes/bikes_1595.jpg,bikes
/Users/linafadhli/DataVehicle/bikes/bikes_1581.jpg,bikes
/Users/linafadhli/DataVehicle/bikes/bikes_1280.jpg,bikes
/Users/linafadhli/DataVehicle/bikes/bikes_1294.jpg,bikes
/Users/linafadhli/DataVehicle/bikes/bikes_1519.jpg,bikes
/Users/linafadhli/DataVehicle/bikes/bikes_1243.jpg,bikes
/Users/linafadhli/DataVehicle/bikes/bikes_1525.jpg,bikes
/Users/linafadhli/DataVehicle/bikes/bikes_1531.jpg,bikes
/Users/linafadhli/DataVehicle/bikes/bikes_1257.jpg,bikes
/Users/linafadhli/DataVehicle/bikes/bikes_1082.jpg,bikes
/Users/linafadhli/DataVehicle/bikes/bikes_1096.jpg,bikes
/Users/linafadhli/DataVehicle/bikes/bikes_1069.jpg,bikes
/Users/linafadhli/DataVehicle/bikes/bikes_1109.jpg,bikes
/Users/linafadhli/DataVehicle/bikes/bikes_1653.jpg,bikes
/Users/linafadhli/DataVehicle/bikes/bikes_1135.jpg,bikes
/Users/linafadhli/DataVehicle/bikes/bikes_1121.jpg,bikes
/Users/linafadhli/DataVehicle/bikes/bikes_1647.jpg,bikes
/Users/linafadhli/DataVehicle/bikes/bikes_1492.jpg,bikes
/Users/linafadhli/DataVehicle/bikes/bikes_1486.jpg,bikes
/Users/linafadhli/DataVehicle/bikes/bikes_1479.jpg,bikes
/Users/linafadhli/DataVehicle/bikes/bikes_1337.jpg,bikes
/Users/linafadhli/DataVehicle/bikes/bikes_1451.jpg,bikes
/Users/linafadhli/DataVehicle/bikes/bikes_1445.jpg,bikes
/Users/linafadhli/DataVehicle/bikes/bikes_1323.jpg,bikes
/Users/linafadhli/DataVehicle/bikes/bikes_1444.jpg,bikes
/Users/linafadhli/DataVehicle/bikes/bikes_1322.jpg,bikes
/Users/linafadhli/DataVehicle/bikes/bikes_1336.jpg,bikes
/Users/linafadhli/DataVehicle/bikes/bikes_1450.jpg,bikes
/Users/linafadhli/DataVehicle/bikes/bikes_1478.jpg,bikes
/Users/linafadhli/DataVehicle/bikes/bikes_1487.jpg,bikes
/Users/linafadhli/DataVehicle/bikes/bikes_1493.jpg,bikes
/Users/linafadhli/DataVehicle/bikes/bikes_1120.jpg,bikes
/Users/linafadhli/DataVehicle/bikes/bikes_1646.jpg,bikes
/Users/linafadhli/DataVehicle/bikes/bikes_1652.jpg,bikes
/Users/linafadhli/DataVehicle/bikes/bikes_1134.jpg,bikes
/Users/linafadhli/DataVehicle/bikes/bikes_1108.jpg,bikes
/Users/linafadhli/DataVehicle/bikes/bikes_1068.jpg,bikes
/Users/linafadhli/DataVehicle/bikes/bikes_1097.jpg,bikes
/Users/linafadhli/DataVehicle/bikes/bikes_1083.jpg,bikes
/Users/linafadhli/DataVehicle/bikes/bikes_1530.jpg,bikes
/Users/linafadhli/DataVehicle/bikes/bikes_1256.jpg,bikes
/Users/linafadhli/DataVehicle/bikes/bikes_1242.jpg,bikes
/Users/linafadhli/DataVehicle/bikes/bikes_1524.jpg,bikes
/Users/linafadhli/DataVehicle/bikes/bikes_1518.jpg,bikes
/Users/linafadhli/DataVehicle/bikes/bikes_1295.jpg,bikes
/Users/linafadhli/DataVehicle/bikes/bikes_1281.jpg,bikes
/Users/linafadhli/DataVehicle/bikes/bikes_1297.jpg,bikes
/Users/linafadhli/DataVehicle/bikes/bikes_1283.jpg,bikes
/Users/linafadhli/DataVehicle/bikes/bikes_1268.jpg,bikes
/Users/linafadhli/DataVehicle/bikes/bikes_1254.jpg,bikes
/Users/linafadhli/DataVehicle/bikes/bikes_1532.jpg,bikes
/Users/linafadhli/DataVehicle/bikes/bikes_1526.jpg,bikes
/Users/linafadhli/DataVehicle/bikes/bikes_1240.jpg,bikes
/Users/linafadhli/DataVehicle/bikes/bikes_1095.jpg,bikes
/Users/linafadhli/DataVehicle/bikes/bikes_1081.jpg,bikes
/Users/linafadhli/DataVehicle/bikes/bikes_1644.jpg,bikes
/Users/linafadhli/DataVehicle/bikes/bikes_1122.jpg,bikes
/Users/linafadhli/DataVehicle/bikes/bikes_1136.jpg,bikes
/Users/linafadhli/DataVehicle/bikes/bikes_1650.jpg,bikes
/Users/linafadhli/DataVehicle/bikes/bikes_1485.jpg,bikes
/Users/linafadhli/DataVehicle/bikes/bikes_1491.jpg,bikes
/Users/linafadhli/DataVehicle/bikes/bikes_1308.jpg,bikes
/Users/linafadhli/DataVehicle/bikes/bikes_1320.jpg,bikes
/Users/linafadhli/DataVehicle/bikes/bikes_1446.jpg,bikes
/Users/linafadhli/DataVehicle/bikes/bikes_1452.jpg,bikes
/Users/linafadhli/DataVehicle/bikes/bikes_1334.jpg,bikes
/Users/linafadhli/DataVehicle/bikes/bikes_1453.jpg,bikes
/Users/linafadhli/DataVehicle/bikes/bikes_1335.jpg,bikes
/Users/linafadhli/DataVehicle/bikes/bikes_1321.jpg,bikes
/Users/linafadhli/DataVehicle/bikes/bikes_1447.jpg,bikes
/Users/linafadhli/DataVehicle/bikes/bikes_1309.jpg,bikes
/Users/linafadhli/DataVehicle/bikes/bikes_1490.jpg,bikes
/Users/linafadhli/DataVehicle/bikes/bikes_1484.jpg,bikes
/Users/linafadhli/DataVehicle/bikes/bikes_1137.jpg,bikes
/Users/linafadhli/DataVehicle/bikes/bikes_1651.jpg,bikes
/Users/linafadhli/DataVehicle/bikes/bikes_1645.jpg,bikes
/Users/linafadhli/DataVehicle/bikes/bikes_1123.jpg,bikes
/Users/linafadhli/DataVehicle/bikes/bikes_1080.jpg,bikes
/Users/linafadhli/DataVehicle/bikes/bikes_1094.jpg,bikes
/Users/linafadhli/DataVehicle/bikes/bikes_1527.jpg,bikes
/Users/linafadhli/DataVehicle/bikes/bikes_1241.jpg,bikes
/Users/linafadhli/DataVehicle/bikes/bikes_1255.jpg,bikes
/Users/linafadhli/DataVehicle/bikes/bikes_1533.jpg,bikes
/Users/linafadhli/DataVehicle/bikes/bikes_1269.jpg,bikes
/Users/linafadhli/DataVehicle/bikes/bikes_1282.jpg,bikes
/Users/linafadhli/DataVehicle/bikes/bikes_1296.jpg,bikes
/Users/linafadhli/DataVehicle/bikes/bikes_1292.jpg,bikes
/Users/linafadhli/DataVehicle/bikes/bikes_1286.jpg,bikes
/Users/linafadhli/DataVehicle/bikes/bikes_1537.jpg,bikes
/Users/linafadhli/DataVehicle/bikes/bikes_1251.jpg,bikes
/Users/linafadhli/DataVehicle/bikes/bikes_1245.jpg,bikes
/Users/linafadhli/DataVehicle/bikes/bikes_1523.jpg,bikes
/Users/linafadhli/DataVehicle/bikes/bikes_1279.jpg,bikes
/Users/linafadhli/DataVehicle/bikes/bikes_1090.jpg,bikes
/Users/linafadhli/DataVehicle/bikes/bikes_1084.jpg,bikes
/Users/linafadhli/DataVehicle/bikes/bikes_1127.jpg,bikes
/Users/linafadhli/DataVehicle/bikes/bikes_1641.jpg,bikes
/Users/linafadhli/DataVehicle/bikes/bikes_1655.jpg,bikes
/Users/linafadhli/DataVehicle/bikes/bikes_1133.jpg,bikes
/Users/linafadhli/DataVehicle/bikes/bikes_1480.jpg,bikes
/Users/linafadhli/DataVehicle/bikes/bikes_1494.jpg,bikes
/Users/linafadhli/DataVehicle/bikes/bikes_1443.jpg,bikes
/Users/linafadhli/DataVehicle/bikes/bikes_1325.jpg,bikes
/Users/linafadhli/DataVehicle/bikes/bikes_1331.jpg,bikes
/Users/linafadhli/DataVehicle/bikes/bikes_1457.jpg,bikes
/Users/linafadhli/DataVehicle/bikes/bikes_1319.jpg,bikes
/Users/linafadhli/DataVehicle/bikes/bikes_1318.jpg,bikes
/Users/linafadhli/DataVehicle/bikes/bikes_1330.jpg,bikes
/Users/linafadhli/DataVehicle/bikes/bikes_1456.jpg,bikes
/Users/linafadhli/DataVehicle/bikes/bikes_1442.jpg,bikes
/Users/linafadhli/DataVehicle/bikes/bikes_1324.jpg,bikes
/Users/linafadhli/DataVehicle/bikes/bikes_1495.jpg,bikes
/Users/linafadhli/DataVehicle/bikes/bikes_1481.jpg,bikes
/Users/linafadhli/DataVehicle/bikes/bikes_1654.jpg,bikes
/Users/linafadhli/DataVehicle/bikes/bikes_1132.jpg,bikes
/Users/linafadhli/DataVehicle/bikes/bikes_1126.jpg,bikes
/Users/linafadhli/DataVehicle/bikes/bikes_1640.jpg,bikes
/Users/linafadhli/DataVehicle/bikes/bikes_1085.jpg,bikes
/Users/linafadhli/DataVehicle/bikes/bikes_1091.jpg,bikes
/Users/linafadhli/DataVehicle/bikes/bikes_1278.jpg,bikes
/Users/linafadhli/DataVehicle/bikes/bikes_1244.jpg,bikes
/Users/linafadhli/DataVehicle/bikes/bikes_1522.jpg,bikes
/Users/linafadhli/DataVehicle/bikes/bikes_1536.jpg,bikes
/Users/linafadhli/DataVehicle/bikes/bikes_1250.jpg,bikes
/Users/linafadhli/DataVehicle/bikes/bikes_1287.jpg,bikes
/Users/linafadhli/DataVehicle/bikes/bikes_1293.jpg,bikes
/Users/linafadhli/DataVehicle/bikes/bikes_1285.jpg,bikes
/Users/linafadhli/DataVehicle/bikes/bikes_1291.jpg,bikes
/Users/linafadhli/DataVehicle/bikes/bikes_1520.jpg,bikes
/Users/linafadhli/DataVehicle/bikes/bikes_1246.jpg,bikes
/Users/linafadhli/DataVehicle/bikes/bikes_1252.jpg,bikes
/Users/linafadhli/DataVehicle/bikes/bikes_1534.jpg,bikes
/Users/linafadhli/DataVehicle/bikes/bikes_1508.jpg,bikes
/Users/linafadhli/DataVehicle/bikes/bikes_1087.jpg,bikes
/Users/linafadhli/DataVehicle/bikes/bikes_1093.jpg,bikes
/Users/linafadhli/DataVehicle/bikes/bikes_1078.jpg,bikes
/Users/linafadhli/DataVehicle/bikes/bikes_1130.jpg,bikes
/Users/linafadhli/DataVehicle/bikes/bikes_1642.jpg,bikes
/Users/linafadhli/DataVehicle/bikes/bikes_1124.jpg,bikes
/Users/linafadhli/DataVehicle/bikes/bikes_1118.jpg,bikes
/Users/linafadhli/DataVehicle/bikes/bikes_1497.jpg,bikes
/Users/linafadhli/DataVehicle/bikes/bikes_1483.jpg,bikes
/Users/linafadhli/DataVehicle/bikes/bikes_1454.jpg,bikes
/Users/linafadhli/DataVehicle/bikes/bikes_1332.jpg,bikes
/Users/linafadhli/DataVehicle/bikes/bikes_1326.jpg,bikes
/Users/linafadhli/DataVehicle/bikes/bikes_1440.jpg,bikes
/Users/linafadhli/DataVehicle/bikes/bikes_1468.jpg,bikes
/Users/linafadhli/DataVehicle/bikes/bikes_1469.jpg,bikes
/Users/linafadhli/DataVehicle/bikes/bikes_1327.jpg,bikes
/Users/linafadhli/DataVehicle/bikes/bikes_1441.jpg,bikes
/Users/linafadhli/DataVehicle/bikes/bikes_1455.jpg,bikes
/Users/linafadhli/DataVehicle/bikes/bikes_1333.jpg,bikes
/Users/linafadhli/DataVehicle/bikes/bikes_1482.jpg,bikes
/Users/linafadhli/DataVehicle/bikes/bikes_1496.jpg,bikes
/Users/linafadhli/DataVehicle/bikes/bikes_1119.jpg,bikes
/Users/linafadhli/DataVehicle/bikes/bikes_1643.jpg,bikes
/Users/linafadhli/DataVehicle/bikes/bikes_1125.jpg,bikes
/Users/linafadhli/DataVehicle/bikes/bikes_1131.jpg,bikes
/Users/linafadhli/DataVehicle/bikes/bikes_1079.jpg,bikes
/Users/linafadhli/DataVehicle/bikes/bikes_1092.jpg,bikes
/Users/linafadhli/DataVehicle/bikes/bikes_1086.jpg,bikes
/Users/linafadhli/DataVehicle/bikes/bikes_1509.jpg,bikes
/Users/linafadhli/DataVehicle/bikes/bikes_1253.jpg,bikes
/Users/linafadhli/DataVehicle/bikes/bikes_1535.jpg,bikes
/Users/linafadhli/DataVehicle/bikes/bikes_1521.jpg,bikes
/Users/linafadhli/DataVehicle/bikes/bikes_1247.jpg,bikes
/Users/linafadhli/DataVehicle/bikes/bikes_1290.jpg,bikes
/Users/linafadhli/DataVehicle/bikes/bikes_1284.jpg,bikes
/Users/linafadhli/DataVehicle/bikes/bikes_1289.jpg,bikes
/Users/linafadhli/DataVehicle/bikes/bikes_1538.jpg,bikes
/Users/linafadhli/DataVehicle/bikes/bikes_1262.jpg,bikes
/Users/linafadhli/DataVehicle/bikes/bikes_1504.jpg,bikes
/Users/linafadhli/DataVehicle/bikes/bikes_1510.jpg,bikes
/Users/linafadhli/DataVehicle/bikes/bikes_1276.jpg,bikes
/Users/linafadhli/DataVehicle/bikes/bikes_1074.jpg,bikes
/Users/linafadhli/DataVehicle/bikes/bikes_1128.jpg,bikes
/Users/linafadhli/DataVehicle/bikes/bikes_1114.jpg,bikes
/Users/linafadhli/DataVehicle/bikes/bikes_1100.jpg,bikes
/Users/linafadhli/DataVehicle/bikes/bikes_1458.jpg,bikes
/Users/linafadhli/DataVehicle/bikes/bikes_1316.jpg,bikes
/Users/linafadhli/DataVehicle/bikes/bikes_1470.jpg,bikes
/Users/linafadhli/DataVehicle/bikes/bikes_1464.jpg,bikes
/Users/linafadhli/DataVehicle/bikes/bikes_1302.jpg,bikes
/Users/linafadhli/DataVehicle/bikes/bikes_1465.jpg,bikes
/Users/linafadhli/DataVehicle/bikes/bikes_1303.jpg,bikes
/Users/linafadhli/DataVehicle/bikes/bikes_1317.jpg,bikes
/Users/linafadhli/DataVehicle/bikes/bikes_1471.jpg,bikes
/Users/linafadhli/DataVehicle/bikes/bikes_1459.jpg,bikes
/Users/linafadhli/DataVehicle/bikes/bikes_1101.jpg,bikes
/Users/linafadhli/DataVehicle/bikes/bikes_1115.jpg,bikes
/Users/linafadhli/DataVehicle/bikes/bikes_1129.jpg,bikes
/Users/linafadhli/DataVehicle/bikes/bikes_1075.jpg,bikes
/Users/linafadhli/DataVehicle/bikes/bikes_1511.jpg,bikes
/Users/linafadhli/DataVehicle/bikes/bikes_1277.jpg,bikes
/Users/linafadhli/DataVehicle/bikes/bikes_1263.jpg,bikes
/Users/linafadhli/DataVehicle/bikes/bikes_1505.jpg,bikes
/Users/linafadhli/DataVehicle/bikes/bikes_1539.jpg,bikes
/Users/linafadhli/DataVehicle/bikes/bikes_1288.jpg,bikes
/Users/linafadhli/DataVehicle/bikes/bikes_1249.jpg,bikes
/Users/linafadhli/DataVehicle/bikes/bikes_1275.jpg,bikes
/Users/linafadhli/DataVehicle/bikes/bikes_1513.jpg,bikes
/Users/linafadhli/DataVehicle/bikes/bikes_1507.jpg,bikes
/Users/linafadhli/DataVehicle/bikes/bikes_1261.jpg,bikes
/Users/linafadhli/DataVehicle/bikes/bikes_1088.jpg,bikes
/Users/linafadhli/DataVehicle/bikes/bikes_1077.jpg,bikes
/Users/linafadhli/DataVehicle/bikes/bikes_1103.jpg,bikes
/Users/linafadhli/DataVehicle/bikes/bikes_1117.jpg,bikes
/Users/linafadhli/DataVehicle/bikes/bikes_1498.jpg,bikes
/Users/linafadhli/DataVehicle/bikes/bikes_1329.jpg,bikes
/Users/linafadhli/DataVehicle/bikes/bikes_1301.jpg,bikes
/Users/linafadhli/DataVehicle/bikes/bikes_1467.jpg,bikes
/Users/linafadhli/DataVehicle/bikes/bikes_1473.jpg,bikes
/Users/linafadhli/DataVehicle/bikes/bikes_1315.jpg,bikes
/Users/linafadhli/DataVehicle/bikes/bikes_1472.jpg,bikes
/Users/linafadhli/DataVehicle/bikes/bikes_1314.jpg,bikes
/Users/linafadhli/DataVehicle/bikes/bikes_1300.jpg,bikes
/Users/linafadhli/DataVehicle/bikes/bikes_1466.jpg,bikes
/Users/linafadhli/DataVehicle/bikes/bikes_1328.jpg,bikes
/Users/linafadhli/DataVehicle/bikes/bikes_1499.jpg,bikes
/Users/linafadhli/DataVehicle/bikes/bikes_1116.jpg,bikes
/Users/linafadhli/DataVehicle/bikes/bikes_1102.jpg,bikes
/Users/linafadhli/DataVehicle/bikes/bikes_1076.jpg,bikes
/Users/linafadhli/DataVehicle/bikes/bikes_1089.jpg,bikes
/Users/linafadhli/DataVehicle/bikes/bikes_1506.jpg,bikes
/Users/linafadhli/DataVehicle/bikes/bikes_1260.jpg,bikes
/Users/linafadhli/DataVehicle/bikes/bikes_1274.jpg,bikes
/Users/linafadhli/DataVehicle/bikes/bikes_1512.jpg,bikes
/Users/linafadhli/DataVehicle/bikes/bikes_1248.jpg,bikes
/Users/linafadhli/DataVehicle/bikes/bikes_1516.jpg,bikes
/Users/linafadhli/DataVehicle/bikes/bikes_1270.jpg,bikes
/Users/linafadhli/DataVehicle/bikes/bikes_1264.jpg,bikes
/Users/linafadhli/DataVehicle/bikes/bikes_1502.jpg,bikes
/Users/linafadhli/DataVehicle/bikes/bikes_1258.jpg,bikes
/Users/linafadhli/DataVehicle/bikes/bikes_1099.jpg,bikes
/Users/linafadhli/DataVehicle/bikes/bikes_1072.jpg,bikes
/Users/linafadhli/DataVehicle/bikes/bikes_1106.jpg,bikes
/Users/linafadhli/DataVehicle/bikes/bikes_1112.jpg,bikes
/Users/linafadhli/DataVehicle/bikes/bikes_1648.jpg,bikes
/Users/linafadhli/DataVehicle/bikes/bikes_1489.jpg,bikes
/Users/linafadhli/DataVehicle/bikes/bikes_1462.jpg,bikes
/Users/linafadhli/DataVehicle/bikes/bikes_1304.jpg,bikes
/Users/linafadhli/DataVehicle/bikes/bikes_1310.jpg,bikes
/Users/linafadhli/DataVehicle/bikes/bikes_1476.jpg,bikes
/Users/linafadhli/DataVehicle/bikes/bikes_1338.jpg,bikes
/Users/linafadhli/DataVehicle/bikes/bikes_1339.jpg,bikes
/Users/linafadhli/DataVehicle/bikes/bikes_1311.jpg,bikes
/Users/linafadhli/DataVehicle/bikes/bikes_1477.jpg,bikes
/Users/linafadhli/DataVehicle/bikes/bikes_1463.jpg,bikes
/Users/linafadhli/DataVehicle/bikes/bikes_1305.jpg,bikes
/Users/linafadhli/DataVehicle/bikes/bikes_1488.jpg,bikes
/Users/linafadhli/DataVehicle/bikes/bikes_1649.jpg,bikes
/Users/linafadhli/DataVehicle/bikes/bikes_1113.jpg,bikes
/Users/linafadhli/DataVehicle/bikes/bikes_1107.jpg,bikes
/Users/linafadhli/DataVehicle/bikes/bikes_1067.jpg,bikes
/Users/linafadhli/DataVehicle/bikes/bikes_1073.jpg,bikes
/Users/linafadhli/DataVehicle/bikes/bikes_1098.jpg,bikes
/Users/linafadhli/DataVehicle/bikes/bikes_1259.jpg,bikes
/Users/linafadhli/DataVehicle/bikes/bikes_1265.jpg,bikes
/Users/linafadhli/DataVehicle/bikes/bikes_1503.jpg,bikes
/Users/linafadhli/DataVehicle/bikes/bikes_1517.jpg,bikes
/Users/linafadhli/DataVehicle/bikes/bikes_1271.jpg,bikes
/Users/linafadhli/DataVehicle/bikes/bikes_1298.jpg,bikes
/Users/linafadhli/DataVehicle/bikes/bikes_1501.jpg,bikes
/Users/linafadhli/DataVehicle/bikes/bikes_1267.jpg,bikes
/Users/linafadhli/DataVehicle/bikes/bikes_1273.jpg,bikes
/Users/linafadhli/DataVehicle/bikes/bikes_1515.jpg,bikes
/Users/linafadhli/DataVehicle/bikes/bikes_1529.jpg,bikes
/Users/linafadhli/DataVehicle/bikes/bikes_1071.jpg,bikes
/Users/linafadhli/DataVehicle/bikes/bikes_1111.jpg,bikes
/Users/linafadhli/DataVehicle/bikes/bikes_1105.jpg,bikes
/Users/linafadhli/DataVehicle/bikes/bikes_1139.jpg,bikes
/Users/linafadhli/DataVehicle/bikes/bikes_1475.jpg,bikes
/Users/linafadhli/DataVehicle/bikes/bikes_1313.jpg,bikes
/Users/linafadhli/DataVehicle/bikes/bikes_1307.jpg,bikes
/Users/linafadhli/DataVehicle/bikes/bikes_1461.jpg,bikes
/Users/linafadhli/DataVehicle/bikes/bikes_1449.jpg,bikes
/Users/linafadhli/DataVehicle/bikes/bikes_1448.jpg,bikes
/Users/linafadhli/DataVehicle/bikes/bikes_1306.jpg,bikes
/Users/linafadhli/DataVehicle/bikes/bikes_1460.jpg,bikes
/Users/linafadhli/DataVehicle/bikes/bikes_1474.jpg,bikes
/Users/linafadhli/DataVehicle/bikes/bikes_1312.jpg,bikes
/Users/linafadhli/DataVehicle/bikes/bikes_1138.jpg,bikes
/Users/linafadhli/DataVehicle/bikes/bikes_1104.jpg,bikes
/Users/linafadhli/DataVehicle/bikes/bikes_1110.jpg,bikes
/Users/linafadhli/DataVehicle/bikes/bikes_1070.jpg,bikes
/Users/linafadhli/DataVehicle/bikes/bikes_1528.jpg,bikes
/Users/linafadhli/DataVehicle/bikes/bikes_1272.jpg,bikes
/Users/linafadhli/DataVehicle/bikes/bikes_1514.jpg,bikes
/Users/linafadhli/DataVehicle/bikes/bikes_1500.jpg,bikes
/Users/linafadhli/DataVehicle/bikes/bikes_1266.jpg,bikes
/Users/linafadhli/DataVehicle/bikes/bikes_1299.jpg,bikes
/Users/linafadhli/DataVehicle/bikes/bikes_1598.jpg,bikes
/Users/linafadhli/DataVehicle/bikes/bikes_1229.jpg,bikes
/Users/linafadhli/DataVehicle/bikes/bikes_1567.jpg,bikes
/Users/linafadhli/DataVehicle/bikes/bikes_1201.jpg,bikes
/Users/linafadhli/DataVehicle/bikes/bikes_1215.jpg,bikes
/Users/linafadhli/DataVehicle/bikes/bikes_1573.jpg,bikes
/Users/linafadhli/DataVehicle/bikes/bikes_1188.jpg,bikes
/Users/linafadhli/DataVehicle/bikes/bikes_1639.jpg,bikes
/Users/linafadhli/DataVehicle/bikes/bikes_1177.jpg,bikes
/Users/linafadhli/DataVehicle/bikes/bikes_1611.jpg,bikes
/Users/linafadhli/DataVehicle/bikes/bikes_1605.jpg,bikes
/Users/linafadhli/DataVehicle/bikes/bikes_1163.jpg,bikes
/Users/linafadhli/DataVehicle/bikes/bikes_1349.jpg,bikes
/Users/linafadhli/DataVehicle/bikes/bikes_1413.jpg,bikes
/Users/linafadhli/DataVehicle/bikes/bikes_1375.jpg,bikes
/Users/linafadhli/DataVehicle/bikes/bikes_1361.jpg,bikes
/Users/linafadhli/DataVehicle/bikes/bikes_1407.jpg,bikes
/Users/linafadhli/DataVehicle/bikes/bikes_1360.jpg,bikes
/Users/linafadhli/DataVehicle/bikes/bikes_1406.jpg,bikes
/Users/linafadhli/DataVehicle/bikes/bikes_1412.jpg,bikes
/Users/linafadhli/DataVehicle/bikes/bikes_1374.jpg,bikes
/Users/linafadhli/DataVehicle/bikes/bikes_1348.jpg,bikes
/Users/linafadhli/DataVehicle/bikes/bikes_1604.jpg,bikes
/Users/linafadhli/DataVehicle/bikes/bikes_1162.jpg,bikes
/Users/linafadhli/DataVehicle/bikes/bikes_1176.jpg,bikes
/Users/linafadhli/DataVehicle/bikes/bikes_1610.jpg,bikes
/Users/linafadhli/DataVehicle/bikes/bikes_1638.jpg,bikes
/Users/linafadhli/DataVehicle/bikes/bikes_1189.jpg,bikes
/Users/linafadhli/DataVehicle/bikes/bikes_1214.jpg,bikes
/Users/linafadhli/DataVehicle/bikes/bikes_1572.jpg,bikes
/Users/linafadhli/DataVehicle/bikes/bikes_1566.jpg,bikes
/Users/linafadhli/DataVehicle/bikes/bikes_1200.jpg,bikes
/Users/linafadhli/DataVehicle/bikes/bikes_1228.jpg,bikes
/Users/linafadhli/DataVehicle/bikes/bikes_1599.jpg,bikes
/Users/linafadhli/DataVehicle/bikes/bikes_1558.jpg,bikes
/Users/linafadhli/DataVehicle/bikes/bikes_1570.jpg,bikes
/Users/linafadhli/DataVehicle/bikes/bikes_1216.jpg,bikes
/Users/linafadhli/DataVehicle/bikes/bikes_1202.jpg,bikes
/Users/linafadhli/DataVehicle/bikes/bikes_1564.jpg,bikes
/Users/linafadhli/DataVehicle/bikes/bikes_1148.jpg,bikes
/Users/linafadhli/DataVehicle/bikes/bikes_1160.jpg,bikes
/Users/linafadhli/DataVehicle/bikes/bikes_1606.jpg,bikes
/Users/linafadhli/DataVehicle/bikes/bikes_1612.jpg,bikes
/Users/linafadhli/DataVehicle/bikes/bikes_1174.jpg,bikes
/Users/linafadhli/DataVehicle/bikes/bikes_1389.jpg,bikes
/Users/linafadhli/DataVehicle/bikes/bikes_1438.jpg,bikes
/Users/linafadhli/DataVehicle/bikes/bikes_1404.jpg,bikes
/Users/linafadhli/DataVehicle/bikes/bikes_1362.jpg,bikes
/Users/linafadhli/DataVehicle/bikes/bikes_1376.jpg,bikes
/Users/linafadhli/DataVehicle/bikes/bikes_1410.jpg,bikes
/Users/linafadhli/DataVehicle/bikes/bikes_1377.jpg,bikes
/Users/linafadhli/DataVehicle/bikes/bikes_1411.jpg,bikes
/Users/linafadhli/DataVehicle/bikes/bikes_1405.jpg,bikes
/Users/linafadhli/DataVehicle/bikes/bikes_1363.jpg,bikes
/Users/linafadhli/DataVehicle/bikes/bikes_1439.jpg,bikes
/Users/linafadhli/DataVehicle/bikes/bikes_1388.jpg,bikes
/Users/linafadhli/DataVehicle/bikes/bikes_1613.jpg,bikes
/Users/linafadhli/DataVehicle/bikes/bikes_1175.jpg,bikes
/Users/linafadhli/DataVehicle/bikes/bikes_1161.jpg,bikes
/Users/linafadhli/DataVehicle/bikes/bikes_1607.jpg,bikes
/Users/linafadhli/DataVehicle/bikes/bikes_1149.jpg,bikes
/Users/linafadhli/DataVehicle/bikes/bikes_1203.jpg,bikes
/Users/linafadhli/DataVehicle/bikes/bikes_1565.jpg,bikes
/Users/linafadhli/DataVehicle/bikes/bikes_1571.jpg,bikes
/Users/linafadhli/DataVehicle/bikes/bikes_1217.jpg,bikes
/Users/linafadhli/DataVehicle/bikes/bikes_1559.jpg,bikes
/Users/linafadhli/DataVehicle/bikes/bikes_1213.jpg,bikes
/Users/linafadhli/DataVehicle/bikes/bikes_1575.jpg,bikes
/Users/linafadhli/DataVehicle/bikes/bikes_1561.jpg,bikes
/Users/linafadhli/DataVehicle/bikes/bikes_1207.jpg,bikes
/Users/linafadhli/DataVehicle/bikes/bikes_1549.jpg,bikes
/Users/linafadhli/DataVehicle/bikes/bikes_1603.jpg,bikes
/Users/linafadhli/DataVehicle/bikes/bikes_1165.jpg,bikes
/Users/linafadhli/DataVehicle/bikes/bikes_1171.jpg,bikes
/Users/linafadhli/DataVehicle/bikes/bikes_1617.jpg,bikes
/Users/linafadhli/DataVehicle/bikes/bikes_1159.jpg,bikes
/Users/linafadhli/DataVehicle/bikes/bikes_1398.jpg,bikes
/Users/linafadhli/DataVehicle/bikes/bikes_1367.jpg,bikes
/Users/linafadhli/DataVehicle/bikes/bikes_1401.jpg,bikes
/Users/linafadhli/DataVehicle/bikes/bikes_1415.jpg,bikes
/Users/linafadhli/DataVehicle/bikes/bikes_1373.jpg,bikes
/Users/linafadhli/DataVehicle/bikes/bikes_1429.jpg,bikes
/Users/linafadhli/DataVehicle/bikes/bikes_1428.jpg,bikes
/Users/linafadhli/DataVehicle/bikes/bikes_1414.jpg,bikes
/Users/linafadhli/DataVehicle/bikes/bikes_1372.jpg,bikes
/Users/linafadhli/DataVehicle/bikes/bikes_1366.jpg,bikes
/Users/linafadhli/DataVehicle/bikes/bikes_1400.jpg,bikes
/Users/linafadhli/DataVehicle/bikes/bikes_1399.jpg,bikes
/Users/linafadhli/DataVehicle/bikes/bikes_1158.jpg,bikes
/Users/linafadhli/DataVehicle/bikes/bikes_1170.jpg,bikes
/Users/linafadhli/DataVehicle/bikes/bikes_1616.jpg,bikes
/Users/linafadhli/DataVehicle/bikes/bikes_1602.jpg,bikes
/Users/linafadhli/DataVehicle/bikes/bikes_1164.jpg,bikes
/Users/linafadhli/DataVehicle/bikes/bikes_1548.jpg,bikes
/Users/linafadhli/DataVehicle/bikes/bikes_1560.jpg,bikes
/Users/linafadhli/DataVehicle/bikes/bikes_1206.jpg,bikes
/Users/linafadhli/DataVehicle/bikes/bikes_1212.jpg,bikes
/Users/linafadhli/DataVehicle/bikes/bikes_1574.jpg,bikes
/Users/linafadhli/DataVehicle/bikes/bikes_1589.jpg,bikes
/Users/linafadhli/DataVehicle/bikes/bikes_1204.jpg,bikes
/Users/linafadhli/DataVehicle/bikes/bikes_1562.jpg,bikes
/Users/linafadhli/DataVehicle/bikes/bikes_1576.jpg,bikes
/Users/linafadhli/DataVehicle/bikes/bikes_1210.jpg,bikes
/Users/linafadhli/DataVehicle/bikes/bikes_1238.jpg,bikes
/Users/linafadhli/DataVehicle/bikes/bikes_1199.jpg,bikes
/Users/linafadhli/DataVehicle/bikes/bikes_1614.jpg,bikes
/Users/linafadhli/DataVehicle/bikes/bikes_1172.jpg,bikes
/Users/linafadhli/DataVehicle/bikes/bikes_1166.jpg,bikes
/Users/linafadhli/DataVehicle/bikes/bikes_1600.jpg,bikes
/Users/linafadhli/DataVehicle/bikes/bikes_1628.jpg,bikes
/Users/linafadhli/DataVehicle/bikes/bikes_1370.jpg,bikes
/Users/linafadhli/DataVehicle/bikes/bikes_1416.jpg,bikes
/Users/linafadhli/DataVehicle/bikes/bikes_1402.jpg,bikes
/Users/linafadhli/DataVehicle/bikes/bikes_1364.jpg,bikes
/Users/linafadhli/DataVehicle/bikes/bikes_1358.jpg,bikes
/Users/linafadhli/DataVehicle/bikes/bikes_1359.jpg,bikes
/Users/linafadhli/DataVehicle/bikes/bikes_1403.jpg,bikes
/Users/linafadhli/DataVehicle/bikes/bikes_1365.jpg,bikes
/Users/linafadhli/DataVehicle/bikes/bikes_1371.jpg,bikes
/Users/linafadhli/DataVehicle/bikes/bikes_1417.jpg,bikes
/Users/linafadhli/DataVehicle/bikes/bikes_1629.jpg,bikes
/Users/linafadhli/DataVehicle/bikes/bikes_1167.jpg,bikes
/Users/linafadhli/DataVehicle/bikes/bikes_1601.jpg,bikes
/Users/linafadhli/DataVehicle/bikes/bikes_1615.jpg,bikes
/Users/linafadhli/DataVehicle/bikes/bikes_1173.jpg,bikes
/Users/linafadhli/DataVehicle/bikes/bikes_1198.jpg,bikes
/Users/linafadhli/DataVehicle/bikes/bikes_1239.jpg,bikes
/Users/linafadhli/DataVehicle/bikes/bikes_1577.jpg,bikes
/Users/linafadhli/DataVehicle/bikes/bikes_1211.jpg,bikes
/Users/linafadhli/DataVehicle/bikes/bikes_1205.jpg,bikes
/Users/linafadhli/DataVehicle/bikes/bikes_1563.jpg,bikes
/Users/linafadhli/DataVehicle/bikes/bikes_1588.jpg,bikes
